Entry,split,status,path
P9WMK7,train,ok,C:\Users\Abhinav\OneDrive\Desktop\Convergent Enzyme Claasification\structures\ec_classification\P9WMK7.pdb
A0AFT8,train,ok,C:\Users\Abhinav\OneDrive\Desktop\Convergent Enzyme Claasification\structures\ec_classification\A0AFT8.pdb
Q8U1L4,train,ok,C:\Users\Abhinav\OneDrive\Desktop\Convergent Enzyme Claasification\structures\ec_classification\Q8U1L4.pdb
Q9LQC0,train,ok,C:\Users\Abhinav\OneDrive\Desktop\Convergent Enzyme Claasification\structures\ec_classification\Q9LQC0.pdb
P19666,train,ok,C:\Users\Abhinav\OneDrive\Desktop\Convergent Enzyme Claasification\structures\ec_classification\P19666.pdb
P34697,train,ok,C:\Users\Abhinav\OneDrive\Desktop\Convergent Enzyme Claasification\structures\ec_classification\P34697.pdb
Q6R7K3,train,ok,C:\Users\Abhinav\OneDrive\Desktop\Convergent Enzyme Claasification\structures\ec_classification\Q6R7K3.pdb
O55716,train,ok,C:\Users\Abhinav\OneDrive\Desktop\Convergent Enzyme Claasification\structures\ec_classification\O55716.pdb
Q9CBQ2,train,ok,C:\Users\Abhinav\OneDrive\Desktop\Convergent Enzyme Claasification\structures\ec_classification\Q9CBQ2.pdb
O31534,train,ok,C:\Users\Abhinav\OneDrive\Desktop\Convergent Enzyme Claasification\structures\ec_classification\O31534.pdb
P80734,train,ok,C:\Users\Abhinav\OneDrive\Desktop\Convergent Enzyme Claasification\structures\ec_classification\P80734.pdb
Q9KFH7,train,ok,C:\Users\Abhinav\OneDrive\Desktop\Convergent Enzyme Claasification\structures\ec_classification\Q9KFH7.pdb
D0LZ73,train,ok,C:\Users\Abhinav\OneDrive\Desktop\Convergent Enzyme Claasification\structures\ec_classification\D0LZ73.pdb
Q54RN1,train,ok,C:\Users\Abhinav\OneDrive\Desktop\Convergent Enzyme Claasification\structures\ec_classification\Q54RN1.pdb
P74133,train,ok,C:\Users\Abhinav\OneDrive\Desktop\Convergent Enzyme Claasification\structures\ec_classification\P74133.pdb
P22759,train,ok,C:\Users\Abhinav\OneDrive\Desktop\Convergent Enzyme Claasification\structures\ec_classification\P22759.pdb
F1SVL1,train,ok,C:\Users\Abhinav\OneDrive\Desktop\Convergent Enzyme Claasification\structures\ec_classification\F1SVL1.pdb
Q12284,train,ok,C:\Users\Abhinav\OneDrive\Desktop\Convergent Enzyme Claasification\structures\ec_classification\Q12284.pdb
Q8PU61,train,ok,C:\Users\Abhinav\OneDrive\Desktop\Convergent Enzyme Claasification\structures\ec_classification\Q8PU61.pdb
Q54HS3,train,ok,C:\Users\Abhinav\OneDrive\Desktop\Convergent Enzyme Claasification\structures\ec_classification\Q54HS3.pdb
F1SVE4,train,ok,C:\Users\Abhinav\OneDrive\Desktop\Convergent Enzyme Claasification\structures\ec_classification\F1SVE4.pdb
F1SVE1,train,ok,C:\Users\Abhinav\OneDrive\Desktop\Convergent Enzyme Claasification\structures\ec_classification\F1SVE1.pdb
Q8JGM4,train,ok,C:\Users\Abhinav\OneDrive\Desktop\Convergent Enzyme Claasification\structures\ec_classification\Q8JGM4.pdb
P97443,train,ok,C:\Users\Abhinav\OneDrive\Desktop\Convergent Enzyme Claasification\structures\ec_classification\P97443.pdb
P41480,train,ok,C:\Users\Abhinav\OneDrive\Desktop\Convergent Enzyme Claasification\structures\ec_classification\P41480.pdb
Q6C4Y5,train,ok,C:\Users\Abhinav\OneDrive\Desktop\Convergent Enzyme Claasification\structures\ec_classification\Q6C4Y5.pdb
Q91FH7,train,ok,C:\Users\Abhinav\OneDrive\Desktop\Convergent Enzyme Claasification\structures\ec_classification\Q91FH7.pdb
Q84WW6,train,ok,C:\Users\Abhinav\OneDrive\Desktop\Convergent Enzyme Claasification\structures\ec_classification\Q84WW6.pdb
Q75D88,train,ok,C:\Users\Abhinav\OneDrive\Desktop\Convergent Enzyme Claasification\structures\ec_classification\Q75D88.pdb
Q55AX2,train,ok,C:\Users\Abhinav\OneDrive\Desktop\Convergent Enzyme Claasification\structures\ec_classification\Q55AX2.pdb
Q6AW06,train,ok,C:\Users\Abhinav\OneDrive\Desktop\Convergent Enzyme Claasification\structures\ec_classification\Q6AW06.pdb
Q8TEK3,train,ok,C:\Users\Abhinav\OneDrive\Desktop\Convergent Enzyme Claasification\structures\ec_classification\Q8TEK3.pdb
Q67472,train,ok,C:\Users\Abhinav\OneDrive\Desktop\Convergent Enzyme Claasification\structures\ec_classification\Q67472.pdb
B1Q3J6,train,ok,C:\Users\Abhinav\OneDrive\Desktop\Convergent Enzyme Claasification\structures\ec_classification\B1Q3J6.pdb
P25265,train,ok,C:\Users\Abhinav\OneDrive\Desktop\Convergent Enzyme Claasification\structures\ec_classification\P25265.pdb
Q58724,train,ok,C:\Users\Abhinav\OneDrive\Desktop\Convergent Enzyme Claasification\structures\ec_classification\Q58724.pdb
P25201,train,ok,C:\Users\Abhinav\OneDrive\Desktop\Convergent Enzyme Claasification\structures\ec_classification\P25201.pdb
Q9KVZ8,train,ok,C:\Users\Abhinav\OneDrive\Desktop\Convergent Enzyme Claasification\structures\ec_classification\Q9KVZ8.pdb
B0RTZ8,train,ok,C:\Users\Abhinav\OneDrive\Desktop\Convergent Enzyme Claasification\structures\ec_classification\B0RTZ8.pdb
Q9M548,train,ok,C:\Users\Abhinav\OneDrive\Desktop\Convergent Enzyme Claasification\structures\ec_classification\Q9M548.pdb
Q8PW90,train,ok,C:\Users\Abhinav\OneDrive\Desktop\Convergent Enzyme Claasification\structures\ec_classification\Q8PW90.pdb
O31504,train,ok,C:\Users\Abhinav\OneDrive\Desktop\Convergent Enzyme Claasification\structures\ec_classification\O31504.pdb
Q8TU04,train,ok,C:\Users\Abhinav\OneDrive\Desktop\Convergent Enzyme Claasification\structures\ec_classification\Q8TU04.pdb
P80187,train,ok,C:\Users\Abhinav\OneDrive\Desktop\Convergent Enzyme Claasification\structures\ec_classification\P80187.pdb
Q3SKJ2,train,ok,C:\Users\Abhinav\OneDrive\Desktop\Convergent Enzyme Claasification\structures\ec_classification\Q3SKJ2.pdb
A5W820,train,ok,C:\Users\Abhinav\OneDrive\Desktop\Convergent Enzyme Claasification\structures\ec_classification\A5W820.pdb
Q8TU05,train,ok,C:\Users\Abhinav\OneDrive\Desktop\Convergent Enzyme Claasification\structures\ec_classification\Q8TU05.pdb
O32865,train,ok,C:\Users\Abhinav\OneDrive\Desktop\Convergent Enzyme Claasification\structures\ec_classification\O32865.pdb
Q97DB1,train,ok,C:\Users\Abhinav\OneDrive\Desktop\Convergent Enzyme Claasification\structures\ec_classification\Q97DB1.pdb
P49158,train,ok,C:\Users\Abhinav\OneDrive\Desktop\Convergent Enzyme Claasification\structures\ec_classification\P49158.pdb
A5WDG8,train,ok,C:\Users\Abhinav\OneDrive\Desktop\Convergent Enzyme Claasification\structures\ec_classification\A5WDG8.pdb
B1VKF0,train,ok,C:\Users\Abhinav\OneDrive\Desktop\Convergent Enzyme Claasification\structures\ec_classification\B1VKF0.pdb
Q6UX98,train,ok,C:\Users\Abhinav\OneDrive\Desktop\Convergent Enzyme Claasification\structures\ec_classification\Q6UX98.pdb
A0QZ13,train,ok,C:\Users\Abhinav\OneDrive\Desktop\Convergent Enzyme Claasification\structures\ec_classification\A0QZ13.pdb
Q59NR8,train,ok,C:\Users\Abhinav\OneDrive\Desktop\Convergent Enzyme Claasification\structures\ec_classification\Q59NR8.pdb
Q4I1J3,train,ok,C:\Users\Abhinav\OneDrive\Desktop\Convergent Enzyme Claasification\structures\ec_classification\Q4I1J3.pdb
Q76IC6,train,ok,C:\Users\Abhinav\OneDrive\Desktop\Convergent Enzyme Claasification\structures\ec_classification\Q76IC6.pdb
Q9WZ43,train,ok,C:\Users\Abhinav\OneDrive\Desktop\Convergent Enzyme Claasification\structures\ec_classification\Q9WZ43.pdb
Q9UKN8,train,ok,C:\Users\Abhinav\OneDrive\Desktop\Convergent Enzyme Claasification\structures\ec_classification\Q9UKN8.pdb
O24982,train,ok,C:\Users\Abhinav\OneDrive\Desktop\Convergent Enzyme Claasification\structures\ec_classification\O24982.pdb
Q9SGH2,train,ok,C:\Users\Abhinav\OneDrive\Desktop\Convergent Enzyme Claasification\structures\ec_classification\Q9SGH2.pdb
Q7U5S4,train,ok,C:\Users\Abhinav\OneDrive\Desktop\Convergent Enzyme Claasification\structures\ec_classification\Q7U5S4.pdb
Q9M8T9,train,ok,C:\Users\Abhinav\OneDrive\Desktop\Convergent Enzyme Claasification\structures\ec_classification\Q9M8T9.pdb
Q8WYB5,train,ok,C:\Users\Abhinav\OneDrive\Desktop\Convergent Enzyme Claasification\structures\ec_classification\Q8WYB5.pdb
Q5UQ88,train,no_entry,
O95071,train,no_entry,
Q11087,train,ok,C:\Users\Abhinav\OneDrive\Desktop\Convergent Enzyme Claasification\structures\ec_classification\Q11087.pdb
Q41745,train,ok,C:\Users\Abhinav\OneDrive\Desktop\Convergent Enzyme Claasification\structures\ec_classification\Q41745.pdb
Q06508,train,ok,C:\Users\Abhinav\OneDrive\Desktop\Convergent Enzyme Claasification\structures\ec_classification\Q06508.pdb
Q59601,train,ok,C:\Users\Abhinav\OneDrive\Desktop\Convergent Enzyme Claasification\structures\ec_classification\Q59601.pdb
Q54XS6,train,ok,C:\Users\Abhinav\OneDrive\Desktop\Convergent Enzyme Claasification\structures\ec_classification\Q54XS6.pdb
Q93571,train,ok,C:\Users\Abhinav\OneDrive\Desktop\Convergent Enzyme Claasification\structures\ec_classification\Q93571.pdb
O15541,train,ok,C:\Users\Abhinav\OneDrive\Desktop\Convergent Enzyme Claasification\structures\ec_classification\O15541.pdb
Q3U487,train,ok,C:\Users\Abhinav\OneDrive\Desktop\Convergent Enzyme Claasification\structures\ec_classification\Q3U487.pdb
Q3T1H6,train,ok,C:\Users\Abhinav\OneDrive\Desktop\Convergent Enzyme Claasification\structures\ec_classification\Q3T1H6.pdb
Q9VR91,train,ok,C:\Users\Abhinav\OneDrive\Desktop\Convergent Enzyme Claasification\structures\ec_classification\Q9VR91.pdb
F4HPP7,train,ok,C:\Users\Abhinav\OneDrive\Desktop\Convergent Enzyme Claasification\structures\ec_classification\F4HPP7.pdb
O00237,train,ok,C:\Users\Abhinav\OneDrive\Desktop\Convergent Enzyme Claasification\structures\ec_classification\O00237.pdb
P43254,train,ok,C:\Users\Abhinav\OneDrive\Desktop\Convergent Enzyme Claasification\structures\ec_classification\P43254.pdb
Q96G75,train,ok,C:\Users\Abhinav\OneDrive\Desktop\Convergent Enzyme Claasification\structures\ec_classification\Q96G75.pdb
Q8IPJ3,train,ok,C:\Users\Abhinav\OneDrive\Desktop\Convergent Enzyme Claasification\structures\ec_classification\Q8IPJ3.pdb
Q1L8G6,train,ok,C:\Users\Abhinav\OneDrive\Desktop\Convergent Enzyme Claasification\structures\ec_classification\Q1L8G6.pdb
Q9BYM8,train,ok,C:\Users\Abhinav\OneDrive\Desktop\Convergent Enzyme Claasification\structures\ec_classification\Q9BYM8.pdb
Q9VF81,train,ok,C:\Users\Abhinav\OneDrive\Desktop\Convergent Enzyme Claasification\structures\ec_classification\Q9VF81.pdb
Q06644,train,ok,C:\Users\Abhinav\OneDrive\Desktop\Convergent Enzyme Claasification\structures\ec_classification\Q06644.pdb
Q04082,train,ok,C:\Users\Abhinav\OneDrive\Desktop\Convergent Enzyme Claasification\structures\ec_classification\Q04082.pdb
Q9NX78,train,ok,C:\Users\Abhinav\OneDrive\Desktop\Convergent Enzyme Claasification\structures\ec_classification\Q9NX78.pdb
P50636,train,ok,C:\Users\Abhinav\OneDrive\Desktop\Convergent Enzyme Claasification\structures\ec_classification\P50636.pdb
P46961,train,ok,C:\Users\Abhinav\OneDrive\Desktop\Convergent Enzyme Claasification\structures\ec_classification\P46961.pdb
P53306,train,ok,C:\Users\Abhinav\OneDrive\Desktop\Convergent Enzyme Claasification\structures\ec_classification\P53306.pdb
P9WN05,train,ok,C:\Users\Abhinav\OneDrive\Desktop\Convergent Enzyme Claasification\structures\ec_classification\P9WN05.pdb
A0QLI5,train,ok,C:\Users\Abhinav\OneDrive\Desktop\Convergent Enzyme Claasification\structures\ec_classification\A0QLI5.pdb
Q9I788,train,ok,C:\Users\Abhinav\OneDrive\Desktop\Convergent Enzyme Claasification\structures\ec_classification\Q9I788.pdb
O64761,train,ok,C:\Users\Abhinav\OneDrive\Desktop\Convergent Enzyme Claasification\structures\ec_classification\O64761.pdb
A8GG78,train,ok,C:\Users\Abhinav\OneDrive\Desktop\Convergent Enzyme Claasification\structures\ec_classification\A8GG78.pdb
A3UNN4,train,ok,C:\Users\Abhinav\OneDrive\Desktop\Convergent Enzyme Claasification\structures\ec_classification\A3UNN4.pdb
Q04806,train,ok,C:\Users\Abhinav\OneDrive\Desktop\Convergent Enzyme Claasification\structures\ec_classification\Q04806.pdb
P23983,train,no_entry,
A0A1W2PR19,train,ok,C:\Users\Abhinav\OneDrive\Desktop\Convergent Enzyme Claasification\structures\ec_classification\A0A1W2PR19.pdb
P0C8I6,train,no_entry,
P0CG30,train,ok,C:\Users\Abhinav\OneDrive\Desktop\Convergent Enzyme Claasification\structures\ec_classification\P0CG30.pdb
O31502,train,ok,C:\Users\Abhinav\OneDrive\Desktop\Convergent Enzyme Claasification\structures\ec_classification\O31502.pdb
Q9C5E5,train,ok,C:\Users\Abhinav\OneDrive\Desktop\Convergent Enzyme Claasification\structures\ec_classification\Q9C5E5.pdb
P26697,train,ok,C:\Users\Abhinav\OneDrive\Desktop\Convergent Enzyme Claasification\structures\ec_classification\P26697.pdb
P0ABN1,train,ok,C:\Users\Abhinav\OneDrive\Desktop\Convergent Enzyme Claasification\structures\ec_classification\P0ABN1.pdb
O52951,train,ok,C:\Users\Abhinav\OneDrive\Desktop\Convergent Enzyme Claasification\structures\ec_classification\O52951.pdb
Q09103,train,ok,C:\Users\Abhinav\OneDrive\Desktop\Convergent Enzyme Claasification\structures\ec_classification\Q09103.pdb
O96720,train,ok,C:\Users\Abhinav\OneDrive\Desktop\Convergent Enzyme Claasification\structures\ec_classification\O96720.pdb
Q47LM9,train,ok,C:\Users\Abhinav\OneDrive\Desktop\Convergent Enzyme Claasification\structures\ec_classification\Q47LM9.pdb
Q9BZ23,train,ok,C:\Users\Abhinav\OneDrive\Desktop\Convergent Enzyme Claasification\structures\ec_classification\Q9BZ23.pdb
Q7MS38,train,ok,C:\Users\Abhinav\OneDrive\Desktop\Convergent Enzyme Claasification\structures\ec_classification\Q7MS38.pdb
A7I3S0,train,ok,C:\Users\Abhinav\OneDrive\Desktop\Convergent Enzyme Claasification\structures\ec_classification\A7I3S0.pdb
Q49GP5,train,ok,C:\Users\Abhinav\OneDrive\Desktop\Convergent Enzyme Claasification\structures\ec_classification\Q49GP5.pdb
P37297,train,ok,C:\Users\Abhinav\OneDrive\Desktop\Convergent Enzyme Claasification\structures\ec_classification\P37297.pdb
Q49GP3,train,ok,C:\Users\Abhinav\OneDrive\Desktop\Convergent Enzyme Claasification\structures\ec_classification\Q49GP3.pdb
Q9SI52,train,ok,C:\Users\Abhinav\OneDrive\Desktop\Convergent Enzyme Claasification\structures\ec_classification\Q9SI52.pdb
Q06259,train,no_entry,
Q5UQJ6,train,no_entry,
Q5GIT4,train,ok,C:\Users\Abhinav\OneDrive\Desktop\Convergent Enzyme Claasification\structures\ec_classification\Q5GIT4.pdb
Q25197,train,ok,C:\Users\Abhinav\OneDrive\Desktop\Convergent Enzyme Claasification\structures\ec_classification\Q25197.pdb
P18475,train,ok,C:\Users\Abhinav\OneDrive\Desktop\Convergent Enzyme Claasification\structures\ec_classification\P18475.pdb
P08581,train,ok,C:\Users\Abhinav\OneDrive\Desktop\Convergent Enzyme Claasification\structures\ec_classification\P08581.pdb
Q504Y2,train,ok,C:\Users\Abhinav\OneDrive\Desktop\Convergent Enzyme Claasification\structures\ec_classification\Q504Y2.pdb
P18161,train,ok,C:\Users\Abhinav\OneDrive\Desktop\Convergent Enzyme Claasification\structures\ec_classification\P18161.pdb
O60674,train,ok,C:\Users\Abhinav\OneDrive\Desktop\Convergent Enzyme Claasification\structures\ec_classification\O60674.pdb
P18106,train,ok,C:\Users\Abhinav\OneDrive\Desktop\Convergent Enzyme Claasification\structures\ec_classification\P18106.pdb
Q8G4G1,train,ok,C:\Users\Abhinav\OneDrive\Desktop\Convergent Enzyme Claasification\structures\ec_classification\Q8G4G1.pdb
Q6NSM8,train,ok,C:\Users\Abhinav\OneDrive\Desktop\Convergent Enzyme Claasification\structures\ec_classification\Q6NSM8.pdb
P53349,train,ok,C:\Users\Abhinav\OneDrive\Desktop\Convergent Enzyme Claasification\structures\ec_classification\P53349.pdb
Q99558,train,ok,C:\Users\Abhinav\OneDrive\Desktop\Convergent Enzyme Claasification\structures\ec_classification\Q99558.pdb
P53599,train,ok,C:\Users\Abhinav\OneDrive\Desktop\Convergent Enzyme Claasification\structures\ec_classification\P53599.pdb
Q9WTR2,train,ok,C:\Users\Abhinav\OneDrive\Desktop\Convergent Enzyme Claasification\structures\ec_classification\Q9WTR2.pdb
O74539,train,ok,C:\Users\Abhinav\OneDrive\Desktop\Convergent Enzyme Claasification\structures\ec_classification\O74539.pdb
Q9HWR3,train,ok,C:\Users\Abhinav\OneDrive\Desktop\Convergent Enzyme Claasification\structures\ec_classification\Q9HWR3.pdb
Q04804,train,ok,C:\Users\Abhinav\OneDrive\Desktop\Convergent Enzyme Claasification\structures\ec_classification\Q04804.pdb
P70954,train,ok,C:\Users\Abhinav\OneDrive\Desktop\Convergent Enzyme Claasification\structures\ec_classification\P70954.pdb
Q8TWH4,train,ok,C:\Users\Abhinav\OneDrive\Desktop\Convergent Enzyme Claasification\structures\ec_classification\Q8TWH4.pdb
Q9UX83,train,ok,C:\Users\Abhinav\OneDrive\Desktop\Convergent Enzyme Claasification\structures\ec_classification\Q9UX83.pdb
Q8VYL1,train,ok,C:\Users\Abhinav\OneDrive\Desktop\Convergent Enzyme Claasification\structures\ec_classification\Q8VYL1.pdb
Q8L7W7,train,ok,C:\Users\Abhinav\OneDrive\Desktop\Convergent Enzyme Claasification\structures\ec_classification\Q8L7W7.pdb
Q9HN88,train,ok,C:\Users\Abhinav\OneDrive\Desktop\Convergent Enzyme Claasification\structures\ec_classification\Q9HN88.pdb
B8GZV1,train,ok,C:\Users\Abhinav\OneDrive\Desktop\Convergent Enzyme Claasification\structures\ec_classification\B8GZV1.pdb
P0C9D2,train,no_entry,
Q9XGA0,train,ok,C:\Users\Abhinav\OneDrive\Desktop\Convergent Enzyme Claasification\structures\ec_classification\Q9XGA0.pdb
Q54PA9,train,ok,C:\Users\Abhinav\OneDrive\Desktop\Convergent Enzyme Claasification\structures\ec_classification\Q54PA9.pdb
Q87022,train,no_entry,
P09675,train,no_entry,
Q5U315,train,ok,C:\Users\Abhinav\OneDrive\Desktop\Convergent Enzyme Claasification\structures\ec_classification\Q5U315.pdb
Q6G2A9,train,ok,C:\Users\Abhinav\OneDrive\Desktop\Convergent Enzyme Claasification\structures\ec_classification\Q6G2A9.pdb
O66426,train,ok,C:\Users\Abhinav\OneDrive\Desktop\Convergent Enzyme Claasification\structures\ec_classification\O66426.pdb
Q64FP0,train,no_entry,
Q02382,train,no_entry,
Q57877,train,ok,C:\Users\Abhinav\OneDrive\Desktop\Convergent Enzyme Claasification\structures\ec_classification\Q57877.pdb
Q8ECH7,train,ok,C:\Users\Abhinav\OneDrive\Desktop\Convergent Enzyme Claasification\structures\ec_classification\Q8ECH7.pdb
Q6PCL9,train,ok,C:\Users\Abhinav\OneDrive\Desktop\Convergent Enzyme Claasification\structures\ec_classification\Q6PCL9.pdb
P0DTA7,train,ok,C:\Users\Abhinav\OneDrive\Desktop\Convergent Enzyme Claasification\structures\ec_classification\P0DTA7.pdb
P0DV89,train,ok,C:\Users\Abhinav\OneDrive\Desktop\Convergent Enzyme Claasification\structures\ec_classification\P0DV89.pdb
Q06163,train,ok,C:\Users\Abhinav\OneDrive\Desktop\Convergent Enzyme Claasification\structures\ec_classification\Q06163.pdb
Q9NBX4,train,ok,C:\Users\Abhinav\OneDrive\Desktop\Convergent Enzyme Claasification\structures\ec_classification\Q9NBX4.pdb
P19593,train,ok,C:\Users\Abhinav\OneDrive\Desktop\Convergent Enzyme Claasification\structures\ec_classification\P19593.pdb
Q8TVB4,train,ok,C:\Users\Abhinav\OneDrive\Desktop\Convergent Enzyme Claasification\structures\ec_classification\Q8TVB4.pdb
P25615,train,ok,C:\Users\Abhinav\OneDrive\Desktop\Convergent Enzyme Claasification\structures\ec_classification\P25615.pdb
A0A150XSC5,train,ok,C:\Users\Abhinav\OneDrive\Desktop\Convergent Enzyme Claasification\structures\ec_classification\A0A150XSC5.pdb
B8YB57,train,ok,C:\Users\Abhinav\OneDrive\Desktop\Convergent Enzyme Claasification\structures\ec_classification\B8YB57.pdb
Q8ZNT5,train,ok,C:\Users\Abhinav\OneDrive\Desktop\Convergent Enzyme Claasification\structures\ec_classification\Q8ZNT5.pdb
Q9J5C0,train,ok,C:\Users\Abhinav\OneDrive\Desktop\Convergent Enzyme Claasification\structures\ec_classification\Q9J5C0.pdb
Q9HT84,train,ok,C:\Users\Abhinav\OneDrive\Desktop\Convergent Enzyme Claasification\structures\ec_classification\Q9HT84.pdb
A0A381HBN1,train,ok,C:\Users\Abhinav\OneDrive\Desktop\Convergent Enzyme Claasification\structures\ec_classification\A0A381HBN1.pdb
Q6R9F9,train,ok,C:\Users\Abhinav\OneDrive\Desktop\Convergent Enzyme Claasification\structures\ec_classification\Q6R9F9.pdb
Q8K9B8,train,ok,C:\Users\Abhinav\OneDrive\Desktop\Convergent Enzyme Claasification\structures\ec_classification\Q8K9B8.pdb
P28631,train,ok,C:\Users\Abhinav\OneDrive\Desktop\Convergent Enzyme Claasification\structures\ec_classification\P28631.pdb
Q9K838,train,ok,C:\Users\Abhinav\OneDrive\Desktop\Convergent Enzyme Claasification\structures\ec_classification\Q9K838.pdb
P39135,train,ok,C:\Users\Abhinav\OneDrive\Desktop\Convergent Enzyme Claasification\structures\ec_classification\P39135.pdb
Q4X1W0,train,ok,C:\Users\Abhinav\OneDrive\Desktop\Convergent Enzyme Claasification\structures\ec_classification\Q4X1W0.pdb
Q31HN9,train,ok,C:\Users\Abhinav\OneDrive\Desktop\Convergent Enzyme Claasification\structures\ec_classification\Q31HN9.pdb
A5FR85,train,ok,C:\Users\Abhinav\OneDrive\Desktop\Convergent Enzyme Claasification\structures\ec_classification\A5FR85.pdb
Q6FJZ5,train,ok,C:\Users\Abhinav\OneDrive\Desktop\Convergent Enzyme Claasification\structures\ec_classification\Q6FJZ5.pdb
B3ETH8,train,ok,C:\Users\Abhinav\OneDrive\Desktop\Convergent Enzyme Claasification\structures\ec_classification\B3ETH8.pdb
Q9WYH1,train,ok,C:\Users\Abhinav\OneDrive\Desktop\Convergent Enzyme Claasification\structures\ec_classification\Q9WYH1.pdb
A8GAD1,train,ok,C:\Users\Abhinav\OneDrive\Desktop\Convergent Enzyme Claasification\structures\ec_classification\A8GAD1.pdb
O33407,train,ok,C:\Users\Abhinav\OneDrive\Desktop\Convergent Enzyme Claasification\structures\ec_classification\O33407.pdb
O32232,train,ok,C:\Users\Abhinav\OneDrive\Desktop\Convergent Enzyme Claasification\structures\ec_classification\O32232.pdb
Q5VKJ7,train,ok,C:\Users\Abhinav\OneDrive\Desktop\Convergent Enzyme Claasification\structures\ec_classification\Q5VKJ7.pdb
Q9TWL9,train,no_entry,
Q8CXQ3,train,ok,C:\Users\Abhinav\OneDrive\Desktop\Convergent Enzyme Claasification\structures\ec_classification\Q8CXQ3.pdb
Q48H61,train,ok,C:\Users\Abhinav\OneDrive\Desktop\Convergent Enzyme Claasification\structures\ec_classification\Q48H61.pdb
P26876,train,ok,C:\Users\Abhinav\OneDrive\Desktop\Convergent Enzyme Claasification\structures\ec_classification\P26876.pdb
I6Y2J4,train,ok,C:\Users\Abhinav\OneDrive\Desktop\Convergent Enzyme Claasification\structures\ec_classification\I6Y2J4.pdb
P41773,train,ok,C:\Users\Abhinav\OneDrive\Desktop\Convergent Enzyme Claasification\structures\ec_classification\P41773.pdb
Q8S1D9,train,ok,C:\Users\Abhinav\OneDrive\Desktop\Convergent Enzyme Claasification\structures\ec_classification\Q8S1D9.pdb
P0DSI2,train,ok,C:\Users\Abhinav\OneDrive\Desktop\Convergent Enzyme Claasification\structures\ec_classification\P0DSI2.pdb
P0DX85,train,ok,C:\Users\Abhinav\OneDrive\Desktop\Convergent Enzyme Claasification\structures\ec_classification\P0DX85.pdb
P18952,train,ok,C:\Users\Abhinav\OneDrive\Desktop\Convergent Enzyme Claasification\structures\ec_classification\P18952.pdb
Q8BZT7,train,ok,C:\Users\Abhinav\OneDrive\Desktop\Convergent Enzyme Claasification\structures\ec_classification\Q8BZT7.pdb
A0PSA3,train,ok,C:\Users\Abhinav\OneDrive\Desktop\Convergent Enzyme Claasification\structures\ec_classification\A0PSA3.pdb
Q20500,train,ok,C:\Users\Abhinav\OneDrive\Desktop\Convergent Enzyme Claasification\structures\ec_classification\Q20500.pdb
P00622,train,ok,C:\Users\Abhinav\OneDrive\Desktop\Convergent Enzyme Claasification\structures\ec_classification\P00622.pdb
A7IAL9,train,ok,C:\Users\Abhinav\OneDrive\Desktop\Convergent Enzyme Claasification\structures\ec_classification\A7IAL9.pdb
Q68EL2,train,ok,C:\Users\Abhinav\OneDrive\Desktop\Convergent Enzyme Claasification\structures\ec_classification\Q68EL2.pdb
Q99638,train,ok,C:\Users\Abhinav\OneDrive\Desktop\Convergent Enzyme Claasification\structures\ec_classification\Q99638.pdb
A8MCV2,train,ok,C:\Users\Abhinav\OneDrive\Desktop\Convergent Enzyme Claasification\structures\ec_classification\A8MCV2.pdb
P14746,train,ok,C:\Users\Abhinav\OneDrive\Desktop\Convergent Enzyme Claasification\structures\ec_classification\P14746.pdb
P37454,train,ok,C:\Users\Abhinav\OneDrive\Desktop\Convergent Enzyme Claasification\structures\ec_classification\P37454.pdb
Q9BQ50,train,ok,C:\Users\Abhinav\OneDrive\Desktop\Convergent Enzyme Claasification\structures\ec_classification\Q9BQ50.pdb
Q31R15,train,ok,C:\Users\Abhinav\OneDrive\Desktop\Convergent Enzyme Claasification\structures\ec_classification\Q31R15.pdb
Q8KBF9,train,ok,C:\Users\Abhinav\OneDrive\Desktop\Convergent Enzyme Claasification\structures\ec_classification\Q8KBF9.pdb
C5C0V6,train,ok,C:\Users\Abhinav\OneDrive\Desktop\Convergent Enzyme Claasification\structures\ec_classification\C5C0V6.pdb
Q38100,train,no_entry,
A5I308,train,ok,C:\Users\Abhinav\OneDrive\Desktop\Convergent Enzyme Claasification\structures\ec_classification\A5I308.pdb
Q9YCL9,train,ok,C:\Users\Abhinav\OneDrive\Desktop\Convergent Enzyme Claasification\structures\ec_classification\Q9YCL9.pdb
Q57822,train,ok,C:\Users\Abhinav\OneDrive\Desktop\Convergent Enzyme Claasification\structures\ec_classification\Q57822.pdb
Q9LXM4,train,ok,C:\Users\Abhinav\OneDrive\Desktop\Convergent Enzyme Claasification\structures\ec_classification\Q9LXM4.pdb
Q6BMM5,train,ok,C:\Users\Abhinav\OneDrive\Desktop\Convergent Enzyme Claasification\structures\ec_classification\Q6BMM5.pdb
Q97TX9,train,ok,C:\Users\Abhinav\OneDrive\Desktop\Convergent Enzyme Claasification\structures\ec_classification\Q97TX9.pdb
Q2RRV2,train,ok,C:\Users\Abhinav\OneDrive\Desktop\Convergent Enzyme Claasification\structures\ec_classification\Q2RRV2.pdb
Q8W4C3,train,ok,C:\Users\Abhinav\OneDrive\Desktop\Convergent Enzyme Claasification\structures\ec_classification\Q8W4C3.pdb
Q6CMN5,train,ok,C:\Users\Abhinav\OneDrive\Desktop\Convergent Enzyme Claasification\structures\ec_classification\Q6CMN5.pdb
P0AG74,train,ok,C:\Users\Abhinav\OneDrive\Desktop\Convergent Enzyme Claasification\structures\ec_classification\P0AG74.pdb
Q98RC3,train,ok,C:\Users\Abhinav\OneDrive\Desktop\Convergent Enzyme Claasification\structures\ec_classification\Q98RC3.pdb
P33562,train,ok,C:\Users\Abhinav\OneDrive\Desktop\Convergent Enzyme Claasification\structures\ec_classification\P33562.pdb
Q10423,train,ok,C:\Users\Abhinav\OneDrive\Desktop\Convergent Enzyme Claasification\structures\ec_classification\Q10423.pdb
P13319,train,no_entry,
P09796,train,ok,C:\Users\Abhinav\OneDrive\Desktop\Convergent Enzyme Claasification\structures\ec_classification\P09796.pdb
O34303,train,ok,C:\Users\Abhinav\OneDrive\Desktop\Convergent Enzyme Claasification\structures\ec_classification\O34303.pdb
Q58844,train,ok,C:\Users\Abhinav\OneDrive\Desktop\Convergent Enzyme Claasification\structures\ec_classification\Q58844.pdb
Q6KHN3,train,ok,C:\Users\Abhinav\OneDrive\Desktop\Convergent Enzyme Claasification\structures\ec_classification\Q6KHN3.pdb
Q196V9,train,ok,C:\Users\Abhinav\OneDrive\Desktop\Convergent Enzyme Claasification\structures\ec_classification\Q196V9.pdb
Q83FY2,train,ok,C:\Users\Abhinav\OneDrive\Desktop\Convergent Enzyme Claasification\structures\ec_classification\Q83FY2.pdb
P22192,train,ok,C:\Users\Abhinav\OneDrive\Desktop\Convergent Enzyme Claasification\structures\ec_classification\P22192.pdb
C1L2D3,train,ok,C:\Users\Abhinav\OneDrive\Desktop\Convergent Enzyme Claasification\structures\ec_classification\C1L2D3.pdb
F9VN79,train,ok,C:\Users\Abhinav\OneDrive\Desktop\Convergent Enzyme Claasification\structures\ec_classification\F9VN79.pdb
A2BN08,train,ok,C:\Users\Abhinav\OneDrive\Desktop\Convergent Enzyme Claasification\structures\ec_classification\A2BN08.pdb
O94251,train,ok,C:\Users\Abhinav\OneDrive\Desktop\Convergent Enzyme Claasification\structures\ec_classification\O94251.pdb
A3DNB5,train,ok,C:\Users\Abhinav\OneDrive\Desktop\Convergent Enzyme Claasification\structures\ec_classification\A3DNB5.pdb
Q9KEI9,train,ok,C:\Users\Abhinav\OneDrive\Desktop\Convergent Enzyme Claasification\structures\ec_classification\Q9KEI9.pdb
Q84T94,train,ok,C:\Users\Abhinav\OneDrive\Desktop\Convergent Enzyme Claasification\structures\ec_classification\Q84T94.pdb
O34779,train,ok,C:\Users\Abhinav\OneDrive\Desktop\Convergent Enzyme Claasification\structures\ec_classification\O34779.pdb
P87120,train,ok,C:\Users\Abhinav\OneDrive\Desktop\Convergent Enzyme Claasification\structures\ec_classification\P87120.pdb
Q8WY54,train,ok,C:\Users\Abhinav\OneDrive\Desktop\Convergent Enzyme Claasification\structures\ec_classification\Q8WY54.pdb
O67359,train,ok,C:\Users\Abhinav\OneDrive\Desktop\Convergent Enzyme Claasification\structures\ec_classification\O67359.pdb
Q96YM5,train,ok,C:\Users\Abhinav\OneDrive\Desktop\Convergent Enzyme Claasification\structures\ec_classification\Q96YM5.pdb
Q8LL04,train,ok,C:\Users\Abhinav\OneDrive\Desktop\Convergent Enzyme Claasification\structures\ec_classification\Q8LL04.pdb
Q09451,train,ok,C:\Users\Abhinav\OneDrive\Desktop\Convergent Enzyme Claasification\structures\ec_classification\Q09451.pdb
Q5E2G4,train,ok,C:\Users\Abhinav\OneDrive\Desktop\Convergent Enzyme Claasification\structures\ec_classification\Q5E2G4.pdb
Q48NS2,train,ok,C:\Users\Abhinav\OneDrive\Desktop\Convergent Enzyme Claasification\structures\ec_classification\Q48NS2.pdb
P27061,train,ok,C:\Users\Abhinav\OneDrive\Desktop\Convergent Enzyme Claasification\structures\ec_classification\P27061.pdb
P34724,train,ok,C:\Users\Abhinav\OneDrive\Desktop\Convergent Enzyme Claasification\structures\ec_classification\P34724.pdb
A6W230,train,ok,C:\Users\Abhinav\OneDrive\Desktop\Convergent Enzyme Claasification\structures\ec_classification\A6W230.pdb
Q54IF7,train,ok,C:\Users\Abhinav\OneDrive\Desktop\Convergent Enzyme Claasification\structures\ec_classification\Q54IF7.pdb
Q9VSY6,train,ok,C:\Users\Abhinav\OneDrive\Desktop\Convergent Enzyme Claasification\structures\ec_classification\Q9VSY6.pdb
P17906,train,ok,C:\Users\Abhinav\OneDrive\Desktop\Convergent Enzyme Claasification\structures\ec_classification\P17906.pdb
O07014,train,ok,C:\Users\Abhinav\OneDrive\Desktop\Convergent Enzyme Claasification\structures\ec_classification\O07014.pdb
P29349,train,ok,C:\Users\Abhinav\OneDrive\Desktop\Convergent Enzyme Claasification\structures\ec_classification\P29349.pdb
Q8LEC0,train,ok,C:\Users\Abhinav\OneDrive\Desktop\Convergent Enzyme Claasification\structures\ec_classification\Q8LEC0.pdb
Q12923,train,ok,C:\Users\Abhinav\OneDrive\Desktop\Convergent Enzyme Claasification\structures\ec_classification\Q12923.pdb
H2L045,train,ok,C:\Users\Abhinav\OneDrive\Desktop\Convergent Enzyme Claasification\structures\ec_classification\H2L045.pdb
P64636,train,ok,C:\Users\Abhinav\OneDrive\Desktop\Convergent Enzyme Claasification\structures\ec_classification\P64636.pdb
Q7SYN4,train,ok,C:\Users\Abhinav\OneDrive\Desktop\Convergent Enzyme Claasification\structures\ec_classification\Q7SYN4.pdb
A1ASL7,train,ok,C:\Users\Abhinav\OneDrive\Desktop\Convergent Enzyme Claasification\structures\ec_classification\A1ASL7.pdb
P0AF24,train,ok,C:\Users\Abhinav\OneDrive\Desktop\Convergent Enzyme Claasification\structures\ec_classification\P0AF24.pdb
F1QG30,train,ok,C:\Users\Abhinav\OneDrive\Desktop\Convergent Enzyme Claasification\structures\ec_classification\F1QG30.pdb
Q1ZXD9,train,ok,C:\Users\Abhinav\OneDrive\Desktop\Convergent Enzyme Claasification\structures\ec_classification\Q1ZXD9.pdb
P9WKQ1,train,ok,C:\Users\Abhinav\OneDrive\Desktop\Convergent Enzyme Claasification\structures\ec_classification\P9WKQ1.pdb
O45870,train,ok,C:\Users\Abhinav\OneDrive\Desktop\Convergent Enzyme Claasification\structures\ec_classification\O45870.pdb
Q8MLZ3,train,ok,C:\Users\Abhinav\OneDrive\Desktop\Convergent Enzyme Claasification\structures\ec_classification\Q8MLZ3.pdb
H2QL32,train,ok,C:\Users\Abhinav\OneDrive\Desktop\Convergent Enzyme Claasification\structures\ec_classification\H2QL32.pdb
Q9I7S6,train,ok,C:\Users\Abhinav\OneDrive\Desktop\Convergent Enzyme Claasification\structures\ec_classification\Q9I7S6.pdb
Q8IKD3,train,ok,C:\Users\Abhinav\OneDrive\Desktop\Convergent Enzyme Claasification\structures\ec_classification\Q8IKD3.pdb
Q53728,train,ok,C:\Users\Abhinav\OneDrive\Desktop\Convergent Enzyme Claasification\structures\ec_classification\Q53728.pdb
Q5BMR2,train,ok,C:\Users\Abhinav\OneDrive\Desktop\Convergent Enzyme Claasification\structures\ec_classification\Q5BMR2.pdb
Q8KRU5,train,ok,C:\Users\Abhinav\OneDrive\Desktop\Convergent Enzyme Claasification\structures\ec_classification\Q8KRU5.pdb
P36126,train,ok,C:\Users\Abhinav\OneDrive\Desktop\Convergent Enzyme Claasification\structures\ec_classification\P36126.pdb
P37646,train,ok,C:\Users\Abhinav\OneDrive\Desktop\Convergent Enzyme Claasification\structures\ec_classification\P37646.pdb
Q9KVK6,train,ok,C:\Users\Abhinav\OneDrive\Desktop\Convergent Enzyme Claasification\structures\ec_classification\Q9KVK6.pdb
P00691,train,ok,C:\Users\Abhinav\OneDrive\Desktop\Convergent Enzyme Claasification\structures\ec_classification\P00691.pdb
Q8EJM6,train,ok,C:\Users\Abhinav\OneDrive\Desktop\Convergent Enzyme Claasification\structures\ec_classification\Q8EJM6.pdb
P76261,train,ok,C:\Users\Abhinav\OneDrive\Desktop\Convergent Enzyme Claasification\structures\ec_classification\P76261.pdb
A0P8X0,train,ok,C:\Users\Abhinav\OneDrive\Desktop\Convergent Enzyme Claasification\structures\ec_classification\A0P8X0.pdb
P41131,train,ok,C:\Users\Abhinav\OneDrive\Desktop\Convergent Enzyme Claasification\structures\ec_classification\P41131.pdb
O42918,train,ok,C:\Users\Abhinav\OneDrive\Desktop\Convergent Enzyme Claasification\structures\ec_classification\O42918.pdb
P13559,train,no_entry,
P16009,train,no_entry,
Q13231,train,ok,C:\Users\Abhinav\OneDrive\Desktop\Convergent Enzyme Claasification\structures\ec_classification\Q13231.pdb
Q8I4R4,train,ok,C:\Users\Abhinav\OneDrive\Desktop\Convergent Enzyme Claasification\structures\ec_classification\Q8I4R4.pdb
P08326,train,no_entry,
G5EB30,train,ok,C:\Users\Abhinav\OneDrive\Desktop\Convergent Enzyme Claasification\structures\ec_classification\G5EB30.pdb
Q91159,train,ok,C:\Users\Abhinav\OneDrive\Desktop\Convergent Enzyme Claasification\structures\ec_classification\Q91159.pdb
Q8S1V1,train,ok,C:\Users\Abhinav\OneDrive\Desktop\Convergent Enzyme Claasification\structures\ec_classification\Q8S1V1.pdb
P21270,train,ok,C:\Users\Abhinav\OneDrive\Desktop\Convergent Enzyme Claasification\structures\ec_classification\P21270.pdb
P62576,train,ok,C:\Users\Abhinav\OneDrive\Desktop\Convergent Enzyme Claasification\structures\ec_classification\P62576.pdb
Q8WWR8,train,ok,C:\Users\Abhinav\OneDrive\Desktop\Convergent Enzyme Claasification\structures\ec_classification\Q8WWR8.pdb
G4FEF4,train,ok,C:\Users\Abhinav\OneDrive\Desktop\Convergent Enzyme Claasification\structures\ec_classification\G4FEF4.pdb
P18269,train,ok,C:\Users\Abhinav\OneDrive\Desktop\Convergent Enzyme Claasification\structures\ec_classification\P18269.pdb
D7CFN7,train,ok,C:\Users\Abhinav\OneDrive\Desktop\Convergent Enzyme Claasification\structures\ec_classification\D7CFN7.pdb
P27756,train,ok,C:\Users\Abhinav\OneDrive\Desktop\Convergent Enzyme Claasification\structures\ec_classification\P27756.pdb
Q92451,train,ok,C:\Users\Abhinav\OneDrive\Desktop\Convergent Enzyme Claasification\structures\ec_classification\Q92451.pdb
A7FH78,train,ok,C:\Users\Abhinav\OneDrive\Desktop\Convergent Enzyme Claasification\structures\ec_classification\A7FH78.pdb
Q54699,train,no_entry,
O86372,train,ok,C:\Users\Abhinav\OneDrive\Desktop\Convergent Enzyme Claasification\structures\ec_classification\O86372.pdb
Q8BI06,train,ok,C:\Users\Abhinav\OneDrive\Desktop\Convergent Enzyme Claasification\structures\ec_classification\Q8BI06.pdb
Q44233,train,ok,C:\Users\Abhinav\OneDrive\Desktop\Convergent Enzyme Claasification\structures\ec_classification\Q44233.pdb
Q7WTB3,train,ok,C:\Users\Abhinav\OneDrive\Desktop\Convergent Enzyme Claasification\structures\ec_classification\Q7WTB3.pdb
E0XKJ9,train,ok,C:\Users\Abhinav\OneDrive\Desktop\Convergent Enzyme Claasification\structures\ec_classification\E0XKJ9.pdb
P50828,train,ok,C:\Users\Abhinav\OneDrive\Desktop\Convergent Enzyme Claasification\structures\ec_classification\P50828.pdb
O65399,train,ok,C:\Users\Abhinav\OneDrive\Desktop\Convergent Enzyme Claasification\structures\ec_classification\O65399.pdb
Q9KG76,train,ok,C:\Users\Abhinav\OneDrive\Desktop\Convergent Enzyme Claasification\structures\ec_classification\Q9KG76.pdb
P19487,train,ok,C:\Users\Abhinav\OneDrive\Desktop\Convergent Enzyme Claasification\structures\ec_classification\P19487.pdb
P22222,train,ok,C:\Users\Abhinav\OneDrive\Desktop\Convergent Enzyme Claasification\structures\ec_classification\P22222.pdb
P82186,train,ok,C:\Users\Abhinav\OneDrive\Desktop\Convergent Enzyme Claasification\structures\ec_classification\P82186.pdb
D4AZ24,train,ok,C:\Users\Abhinav\OneDrive\Desktop\Convergent Enzyme Claasification\structures\ec_classification\D4AZ24.pdb
P26225,train,ok,C:\Users\Abhinav\OneDrive\Desktop\Convergent Enzyme Claasification\structures\ec_classification\P26225.pdb
A0A5J6BJQ5,train,ok,C:\Users\Abhinav\OneDrive\Desktop\Convergent Enzyme Claasification\structures\ec_classification\A0A5J6BJQ5.pdb
P49610,train,ok,C:\Users\Abhinav\OneDrive\Desktop\Convergent Enzyme Claasification\structures\ec_classification\P49610.pdb
Q3U4H6,train,ok,C:\Users\Abhinav\OneDrive\Desktop\Convergent Enzyme Claasification\structures\ec_classification\Q3U4H6.pdb
B2UPR7,train,ok,C:\Users\Abhinav\OneDrive\Desktop\Convergent Enzyme Claasification\structures\ec_classification\B2UPR7.pdb
Q3SKU2,train,ok,C:\Users\Abhinav\OneDrive\Desktop\Convergent Enzyme Claasification\structures\ec_classification\Q3SKU2.pdb
A0A3R0A696,train,ok,C:\Users\Abhinav\OneDrive\Desktop\Convergent Enzyme Claasification\structures\ec_classification\A0A3R0A696.pdb
A7LXU0,train,ok,C:\Users\Abhinav\OneDrive\Desktop\Convergent Enzyme Claasification\structures\ec_classification\A7LXU0.pdb
Q8WPJ2,train,ok,C:\Users\Abhinav\OneDrive\Desktop\Convergent Enzyme Claasification\structures\ec_classification\Q8WPJ2.pdb
P45796,train,ok,C:\Users\Abhinav\OneDrive\Desktop\Convergent Enzyme Claasification\structures\ec_classification\P45796.pdb
Q5BA89,train,ok,C:\Users\Abhinav\OneDrive\Desktop\Convergent Enzyme Claasification\structures\ec_classification\Q5BA89.pdb
P49425,train,ok,C:\Users\Abhinav\OneDrive\Desktop\Convergent Enzyme Claasification\structures\ec_classification\P49425.pdb
B3PF24,train,ok,C:\Users\Abhinav\OneDrive\Desktop\Convergent Enzyme Claasification\structures\ec_classification\B3PF24.pdb
O80596,train,ok,C:\Users\Abhinav\OneDrive\Desktop\Convergent Enzyme Claasification\structures\ec_classification\O80596.pdb
P0CT48,train,ok,C:\Users\Abhinav\OneDrive\Desktop\Convergent Enzyme Claasification\structures\ec_classification\P0CT48.pdb
P49424,train,ok,C:\Users\Abhinav\OneDrive\Desktop\Convergent Enzyme Claasification\structures\ec_classification\P49424.pdb
P29126,train,ok,C:\Users\Abhinav\OneDrive\Desktop\Convergent Enzyme Claasification\structures\ec_classification\P29126.pdb
B4XVN1,train,ok,C:\Users\Abhinav\OneDrive\Desktop\Convergent Enzyme Claasification\structures\ec_classification\B4XVN1.pdb
P39848,train,ok,C:\Users\Abhinav\OneDrive\Desktop\Convergent Enzyme Claasification\structures\ec_classification\P39848.pdb
P0C7A1,train,ok,C:\Users\Abhinav\OneDrive\Desktop\Convergent Enzyme Claasification\structures\ec_classification\P0C7A1.pdb
A0A191T6Q6,train,ok,C:\Users\Abhinav\OneDrive\Desktop\Convergent Enzyme Claasification\structures\ec_classification\A0A191T6Q6.pdb
P36913,train,ok,C:\Users\Abhinav\OneDrive\Desktop\Convergent Enzyme Claasification\structures\ec_classification\P36913.pdb
P56568,train,ok,C:\Users\Abhinav\OneDrive\Desktop\Convergent Enzyme Claasification\structures\ec_classification\P56568.pdb
P25892,train,ok,C:\Users\Abhinav\OneDrive\Desktop\Convergent Enzyme Claasification\structures\ec_classification\P25892.pdb
I1C083,train,ok,C:\Users\Abhinav\OneDrive\Desktop\Convergent Enzyme Claasification\structures\ec_classification\I1C083.pdb
P10297,train,ok,C:\Users\Abhinav\OneDrive\Desktop\Convergent Enzyme Claasification\structures\ec_classification\P10297.pdb
A0A151EH88,train,ok,C:\Users\Abhinav\OneDrive\Desktop\Convergent Enzyme Claasification\structures\ec_classification\A0A151EH88.pdb
Q86DA5,train,ok,C:\Users\Abhinav\OneDrive\Desktop\Convergent Enzyme Claasification\structures\ec_classification\Q86DA5.pdb
Q9SYC9,train,ok,C:\Users\Abhinav\OneDrive\Desktop\Convergent Enzyme Claasification\structures\ec_classification\Q9SYC9.pdb
Q9NVE5,train,ok,C:\Users\Abhinav\OneDrive\Desktop\Convergent Enzyme Claasification\structures\ec_classification\Q9NVE5.pdb
P0DUE1,train,ok,C:\Users\Abhinav\OneDrive\Desktop\Convergent Enzyme Claasification\structures\ec_classification\P0DUE1.pdb
P54493,train,ok,C:\Users\Abhinav\OneDrive\Desktop\Convergent Enzyme Claasification\structures\ec_classification\P54493.pdb
Q8L6Y1,train,ok,C:\Users\Abhinav\OneDrive\Desktop\Convergent Enzyme Claasification\structures\ec_classification\Q8L6Y1.pdb
Q01477,train,ok,C:\Users\Abhinav\OneDrive\Desktop\Convergent Enzyme Claasification\structures\ec_classification\Q01477.pdb
Q9ES63,train,ok,C:\Users\Abhinav\OneDrive\Desktop\Convergent Enzyme Claasification\structures\ec_classification\Q9ES63.pdb
P53259,train,ok,C:\Users\Abhinav\OneDrive\Desktop\Convergent Enzyme Claasification\structures\ec_classification\P53259.pdb
G5ED39,train,ok,C:\Users\Abhinav\OneDrive\Desktop\Convergent Enzyme Claasification\structures\ec_classification\G5ED39.pdb
Q695T9,train,ok,C:\Users\Abhinav\OneDrive\Desktop\Convergent Enzyme Claasification\structures\ec_classification\Q695T9.pdb
Q6BSA9,train,ok,C:\Users\Abhinav\OneDrive\Desktop\Convergent Enzyme Claasification\structures\ec_classification\Q6BSA9.pdb
Q5IBC5,train,ok,C:\Users\Abhinav\OneDrive\Desktop\Convergent Enzyme Claasification\structures\ec_classification\Q5IBC5.pdb
Q03018,train,ok,C:\Users\Abhinav\OneDrive\Desktop\Convergent Enzyme Claasification\structures\ec_classification\Q03018.pdb
B0S977,train,ok,C:\Users\Abhinav\OneDrive\Desktop\Convergent Enzyme Claasification\structures\ec_classification\B0S977.pdb
P18296,train,ok,C:\Users\Abhinav\OneDrive\Desktop\Convergent Enzyme Claasification\structures\ec_classification\P18296.pdb
A5GTI3,train,ok,C:\Users\Abhinav\OneDrive\Desktop\Convergent Enzyme Claasification\structures\ec_classification\A5GTI3.pdb
Q7UF32,train,ok,C:\Users\Abhinav\OneDrive\Desktop\Convergent Enzyme Claasification\structures\ec_classification\Q7UF32.pdb
Q7NBQ3,train,ok,C:\Users\Abhinav\OneDrive\Desktop\Convergent Enzyme Claasification\structures\ec_classification\Q7NBQ3.pdb
Q4L3C1,train,ok,C:\Users\Abhinav\OneDrive\Desktop\Convergent Enzyme Claasification\structures\ec_classification\Q4L3C1.pdb
Q92IC3,train,ok,C:\Users\Abhinav\OneDrive\Desktop\Convergent Enzyme Claasification\structures\ec_classification\Q92IC3.pdb
P63883,train,ok,C:\Users\Abhinav\OneDrive\Desktop\Convergent Enzyme Claasification\structures\ec_classification\P63883.pdb
P14892,train,ok,C:\Users\Abhinav\OneDrive\Desktop\Convergent Enzyme Claasification\structures\ec_classification\P14892.pdb
Q54VQ7,train,ok,C:\Users\Abhinav\OneDrive\Desktop\Convergent Enzyme Claasification\structures\ec_classification\Q54VQ7.pdb
D4AXL1,train,ok,C:\Users\Abhinav\OneDrive\Desktop\Convergent Enzyme Claasification\structures\ec_classification\D4AXL1.pdb
Q96DB2,train,ok,C:\Users\Abhinav\OneDrive\Desktop\Convergent Enzyme Claasification\structures\ec_classification\Q96DB2.pdb
Q54X15,train,ok,C:\Users\Abhinav\OneDrive\Desktop\Convergent Enzyme Claasification\structures\ec_classification\Q54X15.pdb
C7C422,train,ok,C:\Users\Abhinav\OneDrive\Desktop\Convergent Enzyme Claasification\structures\ec_classification\C7C422.pdb
P56524,train,ok,C:\Users\Abhinav\OneDrive\Desktop\Convergent Enzyme Claasification\structures\ec_classification\P56524.pdb
P54427,train,ok,C:\Users\Abhinav\OneDrive\Desktop\Convergent Enzyme Claasification\structures\ec_classification\P54427.pdb
Q02940,train,ok,C:\Users\Abhinav\OneDrive\Desktop\Convergent Enzyme Claasification\structures\ec_classification\Q02940.pdb
C4L0S9,train,ok,C:\Users\Abhinav\OneDrive\Desktop\Convergent Enzyme Claasification\structures\ec_classification\C4L0S9.pdb
P38576,train,ok,C:\Users\Abhinav\OneDrive\Desktop\Convergent Enzyme Claasification\structures\ec_classification\P38576.pdb
Q90030,train,no_entry,
A0ALG5,train,ok,C:\Users\Abhinav\OneDrive\Desktop\Convergent Enzyme Claasification\structures\ec_classification\A0ALG5.pdb
A0RKU8,train,ok,C:\Users\Abhinav\OneDrive\Desktop\Convergent Enzyme Claasification\structures\ec_classification\A0RKU8.pdb
O41033,train,no_entry,
P21290,train,ok,C:\Users\Abhinav\OneDrive\Desktop\Convergent Enzyme Claasification\structures\ec_classification\P21290.pdb
Q9BW91,train,ok,C:\Users\Abhinav\OneDrive\Desktop\Convergent Enzyme Claasification\structures\ec_classification\Q9BW91.pdb
Q93K97,train,ok,C:\Users\Abhinav\OneDrive\Desktop\Convergent Enzyme Claasification\structures\ec_classification\Q93K97.pdb
P54570,train,ok,C:\Users\Abhinav\OneDrive\Desktop\Convergent Enzyme Claasification\structures\ec_classification\P54570.pdb
P97687,train,ok,C:\Users\Abhinav\OneDrive\Desktop\Convergent Enzyme Claasification\structures\ec_classification\P97687.pdb
Q9CJ30,train,ok,C:\Users\Abhinav\OneDrive\Desktop\Convergent Enzyme Claasification\structures\ec_classification\Q9CJ30.pdb
A0A7U3TBV3,train,no_entry,
P03132,train,no_entry,
Q8K0L2,train,ok,C:\Users\Abhinav\OneDrive\Desktop\Convergent Enzyme Claasification\structures\ec_classification\Q8K0L2.pdb
Q65199,train,ok,C:\Users\Abhinav\OneDrive\Desktop\Convergent Enzyme Claasification\structures\ec_classification\Q65199.pdb
P0C9A7,train,no_entry,
O80612,train,ok,C:\Users\Abhinav\OneDrive\Desktop\Convergent Enzyme Claasification\structures\ec_classification\O80612.pdb
Q1DAV2,train,ok,C:\Users\Abhinav\OneDrive\Desktop\Convergent Enzyme Claasification\structures\ec_classification\Q1DAV2.pdb
Q11A17,train,ok,C:\Users\Abhinav\OneDrive\Desktop\Convergent Enzyme Claasification\structures\ec_classification\Q11A17.pdb
B3A0N5,train,ok,C:\Users\Abhinav\OneDrive\Desktop\Convergent Enzyme Claasification\structures\ec_classification\B3A0N5.pdb
A0A2L0V161,train,ok,C:\Users\Abhinav\OneDrive\Desktop\Convergent Enzyme Claasification\structures\ec_classification\A0A2L0V161.pdb
P25439,train,ok,C:\Users\Abhinav\OneDrive\Desktop\Convergent Enzyme Claasification\structures\ec_classification\P25439.pdb
Q6NVF4,train,ok,C:\Users\Abhinav\OneDrive\Desktop\Convergent Enzyme Claasification\structures\ec_classification\Q6NVF4.pdb
Q5AGZ9,train,ok,C:\Users\Abhinav\OneDrive\Desktop\Convergent Enzyme Claasification\structures\ec_classification\Q5AGZ9.pdb
Q0UMB6,train,ok,C:\Users\Abhinav\OneDrive\Desktop\Convergent Enzyme Claasification\structures\ec_classification\Q0UMB6.pdb
Q8VA41,train,ok,C:\Users\Abhinav\OneDrive\Desktop\Convergent Enzyme Claasification\structures\ec_classification\Q8VA41.pdb
Q0DVX2,train,ok,C:\Users\Abhinav\OneDrive\Desktop\Convergent Enzyme Claasification\structures\ec_classification\Q0DVX2.pdb
P24070,train,ok,C:\Users\Abhinav\OneDrive\Desktop\Convergent Enzyme Claasification\structures\ec_classification\P24070.pdb
Q59728,train,ok,C:\Users\Abhinav\OneDrive\Desktop\Convergent Enzyme Claasification\structures\ec_classification\Q59728.pdb
Q53464,train,ok,C:\Users\Abhinav\OneDrive\Desktop\Convergent Enzyme Claasification\structures\ec_classification\Q53464.pdb
Q31HD6,train,ok,C:\Users\Abhinav\OneDrive\Desktop\Convergent Enzyme Claasification\structures\ec_classification\Q31HD6.pdb
Q51645,train,ok,C:\Users\Abhinav\OneDrive\Desktop\Convergent Enzyme Claasification\structures\ec_classification\Q51645.pdb
P9WPJ7,train,ok,C:\Users\Abhinav\OneDrive\Desktop\Convergent Enzyme Claasification\structures\ec_classification\P9WPJ7.pdb
P0ABE9,train,ok,C:\Users\Abhinav\OneDrive\Desktop\Convergent Enzyme Claasification\structures\ec_classification\P0ABE9.pdb
Q8YYI3,train,ok,C:\Users\Abhinav\OneDrive\Desktop\Convergent Enzyme Claasification\structures\ec_classification\Q8YYI3.pdb
B9KBV1,train,ok,C:\Users\Abhinav\OneDrive\Desktop\Convergent Enzyme Claasification\structures\ec_classification\B9KBV1.pdb
Q9HLV9,train,ok,C:\Users\Abhinav\OneDrive\Desktop\Convergent Enzyme Claasification\structures\ec_classification\Q9HLV9.pdb
A4YHV8,train,ok,C:\Users\Abhinav\OneDrive\Desktop\Convergent Enzyme Claasification\structures\ec_classification\A4YHV8.pdb
B4U701,train,ok,C:\Users\Abhinav\OneDrive\Desktop\Convergent Enzyme Claasification\structures\ec_classification\B4U701.pdb
P08417,train,ok,C:\Users\Abhinav\OneDrive\Desktop\Convergent Enzyme Claasification\structures\ec_classification\P08417.pdb
P0A1T4,train,ok,C:\Users\Abhinav\OneDrive\Desktop\Convergent Enzyme Claasification\structures\ec_classification\P0A1T4.pdb
Q9RR70,train,ok,C:\Users\Abhinav\OneDrive\Desktop\Convergent Enzyme Claasification\structures\ec_classification\Q9RR70.pdb
A2STA4,train,ok,C:\Users\Abhinav\OneDrive\Desktop\Convergent Enzyme Claasification\structures\ec_classification\A2STA4.pdb
Q7VA47,train,ok,C:\Users\Abhinav\OneDrive\Desktop\Convergent Enzyme Claasification\structures\ec_classification\Q7VA47.pdb
Q126M1,train,ok,C:\Users\Abhinav\OneDrive\Desktop\Convergent Enzyme Claasification\structures\ec_classification\Q126M1.pdb
Q970N1,train,ok,C:\Users\Abhinav\OneDrive\Desktop\Convergent Enzyme Claasification\structures\ec_classification\Q970N1.pdb
O22018,train,ok,C:\Users\Abhinav\OneDrive\Desktop\Convergent Enzyme Claasification\structures\ec_classification\O22018.pdb
B8NJZ7,train,ok,C:\Users\Abhinav\OneDrive\Desktop\Convergent Enzyme Claasification\structures\ec_classification\B8NJZ7.pdb
P16530,train,ok,C:\Users\Abhinav\OneDrive\Desktop\Convergent Enzyme Claasification\structures\ec_classification\P16530.pdb
E3E7F9,train,ok,C:\Users\Abhinav\OneDrive\Desktop\Convergent Enzyme Claasification\structures\ec_classification\E3E7F9.pdb
O64046,train,no_entry,
Q93Z04,train,ok,C:\Users\Abhinav\OneDrive\Desktop\Convergent Enzyme Claasification\structures\ec_classification\Q93Z04.pdb
Q59478,train,ok,C:\Users\Abhinav\OneDrive\Desktop\Convergent Enzyme Claasification\structures\ec_classification\Q59478.pdb
Q06365,train,ok,C:\Users\Abhinav\OneDrive\Desktop\Convergent Enzyme Claasification\structures\ec_classification\Q06365.pdb
O52195,train,ok,C:\Users\Abhinav\OneDrive\Desktop\Convergent Enzyme Claasification\structures\ec_classification\O52195.pdb
Q59639,train,ok,C:\Users\Abhinav\OneDrive\Desktop\Convergent Enzyme Claasification\structures\ec_classification\Q59639.pdb
P0AEZ7,train,ok,C:\Users\Abhinav\OneDrive\Desktop\Convergent Enzyme Claasification\structures\ec_classification\P0AEZ7.pdb
P44888,train,ok,C:\Users\Abhinav\OneDrive\Desktop\Convergent Enzyme Claasification\structures\ec_classification\P44888.pdb
Q3SJH8,train,ok,C:\Users\Abhinav\OneDrive\Desktop\Convergent Enzyme Claasification\structures\ec_classification\Q3SJH8.pdb
E7DDH2,train,ok,C:\Users\Abhinav\OneDrive\Desktop\Convergent Enzyme Claasification\structures\ec_classification\E7DDH2.pdb
P0DN21,train,ok,C:\Users\Abhinav\OneDrive\Desktop\Convergent Enzyme Claasification\structures\ec_classification\P0DN21.pdb
P40136,train,ok,C:\Users\Abhinav\OneDrive\Desktop\Convergent Enzyme Claasification\structures\ec_classification\P40136.pdb
Q3J6L0,train,ok,C:\Users\Abhinav\OneDrive\Desktop\Convergent Enzyme Claasification\structures\ec_classification\Q3J6L0.pdb
D0CY60,train,ok,C:\Users\Abhinav\OneDrive\Desktop\Convergent Enzyme Claasification\structures\ec_classification\D0CY60.pdb
Q8IHY1,train,no_entry,
P43524,train,ok,C:\Users\Abhinav\OneDrive\Desktop\Convergent Enzyme Claasification\structures\ec_classification\P43524.pdb
Q9P6Y2,train,ok,C:\Users\Abhinav\OneDrive\Desktop\Convergent Enzyme Claasification\structures\ec_classification\Q9P6Y2.pdb
Q8TFH7,train,ok,C:\Users\Abhinav\OneDrive\Desktop\Convergent Enzyme Claasification\structures\ec_classification\Q8TFH7.pdb
Q8BMZ5,train,ok,C:\Users\Abhinav\OneDrive\Desktop\Convergent Enzyme Claasification\structures\ec_classification\Q8BMZ5.pdb
Q59119,train,ok,C:\Users\Abhinav\OneDrive\Desktop\Convergent Enzyme Claasification\structures\ec_classification\Q59119.pdb
Q03101,train,ok,C:\Users\Abhinav\OneDrive\Desktop\Convergent Enzyme Claasification\structures\ec_classification\Q03101.pdb
P39707,train,ok,C:\Users\Abhinav\OneDrive\Desktop\Convergent Enzyme Claasification\structures\ec_classification\P39707.pdb
Q553Y7,train,ok,C:\Users\Abhinav\OneDrive\Desktop\Convergent Enzyme Claasification\structures\ec_classification\Q553Y7.pdb
Q9XU42,train,ok,C:\Users\Abhinav\OneDrive\Desktop\Convergent Enzyme Claasification\structures\ec_classification\Q9XU42.pdb
Q8RWY7,train,ok,C:\Users\Abhinav\OneDrive\Desktop\Convergent Enzyme Claasification\structures\ec_classification\Q8RWY7.pdb
Q8L870,train,ok,C:\Users\Abhinav\OneDrive\Desktop\Convergent Enzyme Claasification\structures\ec_classification\Q8L870.pdb
A3KPF5,train,ok,C:\Users\Abhinav\OneDrive\Desktop\Convergent Enzyme Claasification\structures\ec_classification\A3KPF5.pdb
P34791,train,ok,C:\Users\Abhinav\OneDrive\Desktop\Convergent Enzyme Claasification\structures\ec_classification\P34791.pdb
P40557,train,ok,C:\Users\Abhinav\OneDrive\Desktop\Convergent Enzyme Claasification\structures\ec_classification\P40557.pdb
A1A6M1,train,ok,C:\Users\Abhinav\OneDrive\Desktop\Convergent Enzyme Claasification\structures\ec_classification\A1A6M1.pdb
Q84FH6,train,ok,C:\Users\Abhinav\OneDrive\Desktop\Convergent Enzyme Claasification\structures\ec_classification\Q84FH6.pdb
A0QU81,train,ok,C:\Users\Abhinav\OneDrive\Desktop\Convergent Enzyme Claasification\structures\ec_classification\A0QU81.pdb
P0A9L5,train,ok,C:\Users\Abhinav\OneDrive\Desktop\Convergent Enzyme Claasification\structures\ec_classification\P0A9L5.pdb
Q8Y220,train,ok,C:\Users\Abhinav\OneDrive\Desktop\Convergent Enzyme Claasification\structures\ec_classification\Q8Y220.pdb
Q19267,train,ok,C:\Users\Abhinav\OneDrive\Desktop\Convergent Enzyme Claasification\structures\ec_classification\Q19267.pdb
Q5UR49,train,no_entry,
A0A0D1DWQ2,train,ok,C:\Users\Abhinav\OneDrive\Desktop\Convergent Enzyme Claasification\structures\ec_classification\A0A0D1DWQ2.pdb
P42517,train,ok,C:\Users\Abhinav\OneDrive\Desktop\Convergent Enzyme Claasification\structures\ec_classification\P42517.pdb
A0QPN2,train,ok,C:\Users\Abhinav\OneDrive\Desktop\Convergent Enzyme Claasification\structures\ec_classification\A0QPN2.pdb
P34534,train,ok,C:\Users\Abhinav\OneDrive\Desktop\Convergent Enzyme Claasification\structures\ec_classification\P34534.pdb
Q8ZVM0,train,ok,C:\Users\Abhinav\OneDrive\Desktop\Convergent Enzyme Claasification\structures\ec_classification\Q8ZVM0.pdb
P23179,train,ok,C:\Users\Abhinav\OneDrive\Desktop\Convergent Enzyme Claasification\structures\ec_classification\P23179.pdb
Q9YFQ8,train,ok,C:\Users\Abhinav\OneDrive\Desktop\Convergent Enzyme Claasification\structures\ec_classification\Q9YFQ8.pdb
O18017,train,ok,C:\Users\Abhinav\OneDrive\Desktop\Convergent Enzyme Claasification\structures\ec_classification\O18017.pdb
P75438,train,ok,C:\Users\Abhinav\OneDrive\Desktop\Convergent Enzyme Claasification\structures\ec_classification\P75438.pdb
Q11HB8,train,ok,C:\Users\Abhinav\OneDrive\Desktop\Convergent Enzyme Claasification\structures\ec_classification\Q11HB8.pdb
A4SGY3,train,ok,C:\Users\Abhinav\OneDrive\Desktop\Convergent Enzyme Claasification\structures\ec_classification\A4SGY3.pdb
Q0VMA8,train,ok,C:\Users\Abhinav\OneDrive\Desktop\Convergent Enzyme Claasification\structures\ec_classification\Q0VMA8.pdb
Q8XJU2,train,ok,C:\Users\Abhinav\OneDrive\Desktop\Convergent Enzyme Claasification\structures\ec_classification\Q8XJU2.pdb
Q5SHZ3,train,ok,C:\Users\Abhinav\OneDrive\Desktop\Convergent Enzyme Claasification\structures\ec_classification\Q5SHZ3.pdb
Q2RJD5,train,ok,C:\Users\Abhinav\OneDrive\Desktop\Convergent Enzyme Claasification\structures\ec_classification\Q2RJD5.pdb
A5GRJ7,train,ok,C:\Users\Abhinav\OneDrive\Desktop\Convergent Enzyme Claasification\structures\ec_classification\A5GRJ7.pdb
P0A1F0,train,ok,C:\Users\Abhinav\OneDrive\Desktop\Convergent Enzyme Claasification\structures\ec_classification\P0A1F0.pdb
P47330,train,ok,C:\Users\Abhinav\OneDrive\Desktop\Convergent Enzyme Claasification\structures\ec_classification\P47330.pdb
Q31G65,train,ok,C:\Users\Abhinav\OneDrive\Desktop\Convergent Enzyme Claasification\structures\ec_classification\Q31G65.pdb
O20163,train,ok,C:\Users\Abhinav\OneDrive\Desktop\Convergent Enzyme Claasification\structures\ec_classification\O20163.pdb
Q2EEX9,train,ok,C:\Users\Abhinav\OneDrive\Desktop\Convergent Enzyme Claasification\structures\ec_classification\Q2EEX9.pdb
Q6MLD2,train,ok,C:\Users\Abhinav\OneDrive\Desktop\Convergent Enzyme Claasification\structures\ec_classification\Q6MLD2.pdb
Q4FMW8,train,ok,C:\Users\Abhinav\OneDrive\Desktop\Convergent Enzyme Claasification\structures\ec_classification\Q4FMW8.pdb
Q9Z913,train,ok,C:\Users\Abhinav\OneDrive\Desktop\Convergent Enzyme Claasification\structures\ec_classification\Q9Z913.pdb
P00969,train,no_entry,
Q5V1K0,train,ok,C:\Users\Abhinav\OneDrive\Desktop\Convergent Enzyme Claasification\structures\ec_classification\Q5V1K0.pdb
Q50983,train,ok,C:\Users\Abhinav\OneDrive\Desktop\Convergent Enzyme Claasification\structures\ec_classification\Q50983.pdb
Q17VI1,train,ok,C:\Users\Abhinav\OneDrive\Desktop\Convergent Enzyme Claasification\structures\ec_classification\Q17VI1.pdb
P00971,train,no_entry,
Q97AJ4,train,ok,C:\Users\Abhinav\OneDrive\Desktop\Convergent Enzyme Claasification\structures\ec_classification\Q97AJ4.pdb
Q7UGJ6,train,ok,C:\Users\Abhinav\OneDrive\Desktop\Convergent Enzyme Claasification\structures\ec_classification\Q7UGJ6.pdb
Q9I1X7,train,ok,C:\Users\Abhinav\OneDrive\Desktop\Convergent Enzyme Claasification\structures\ec_classification\Q9I1X7.pdb
Q0WL81,train,ok,C:\Users\Abhinav\OneDrive\Desktop\Convergent Enzyme Claasification\structures\ec_classification\Q0WL81.pdb
P35970,train,ok,C:\Users\Abhinav\OneDrive\Desktop\Convergent Enzyme Claasification\structures\ec_classification\P35970.pdb
P86926,train,ok,C:\Users\Abhinav\OneDrive\Desktop\Convergent Enzyme Claasification\structures\ec_classification\P86926.pdb
A0R3R7,train,ok,C:\Users\Abhinav\OneDrive\Desktop\Convergent Enzyme Claasification\structures\ec_classification\A0R3R7.pdb
Q10313,train,ok,C:\Users\Abhinav\OneDrive\Desktop\Convergent Enzyme Claasification\structures\ec_classification\Q10313.pdb
O99824,train,ok,C:\Users\Abhinav\OneDrive\Desktop\Convergent Enzyme Claasification\structures\ec_classification\O99824.pdb
O99827,train,ok,C:\Users\Abhinav\OneDrive\Desktop\Convergent Enzyme Claasification\structures\ec_classification\O99827.pdb
Q0H8X1,train,ok,C:\Users\Abhinav\OneDrive\Desktop\Convergent Enzyme Claasification\structures\ec_classification\Q0H8X1.pdb
P00163,train,ok,C:\Users\Abhinav\OneDrive\Desktop\Convergent Enzyme Claasification\structures\ec_classification\P00163.pdb
P15878,train,ok,C:\Users\Abhinav\OneDrive\Desktop\Convergent Enzyme Claasification\structures\ec_classification\P15878.pdb
P48928,train,ok,C:\Users\Abhinav\OneDrive\Desktop\Convergent Enzyme Claasification\structures\ec_classification\P48928.pdb
O59680,train,ok,C:\Users\Abhinav\OneDrive\Desktop\Convergent Enzyme Claasification\structures\ec_classification\O59680.pdb
Q09154,train,ok,C:\Users\Abhinav\OneDrive\Desktop\Convergent Enzyme Claasification\structures\ec_classification\Q09154.pdb
Q8NNK3,train,ok,C:\Users\Abhinav\OneDrive\Desktop\Convergent Enzyme Claasification\structures\ec_classification\Q8NNK3.pdb
P24891,train,ok,C:\Users\Abhinav\OneDrive\Desktop\Convergent Enzyme Claasification\structures\ec_classification\P24891.pdb
P05489,train,ok,C:\Users\Abhinav\OneDrive\Desktop\Convergent Enzyme Claasification\structures\ec_classification\P05489.pdb
Q1Q7Z7,train,ok,C:\Users\Abhinav\OneDrive\Desktop\Convergent Enzyme Claasification\structures\ec_classification\Q1Q7Z7.pdb
O84282,train,ok,C:\Users\Abhinav\OneDrive\Desktop\Convergent Enzyme Claasification\structures\ec_classification\O84282.pdb
Q9CLA9,train,ok,C:\Users\Abhinav\OneDrive\Desktop\Convergent Enzyme Claasification\structures\ec_classification\Q9CLA9.pdb
P24013,train,ok,C:\Users\Abhinav\OneDrive\Desktop\Convergent Enzyme Claasification\structures\ec_classification\P24013.pdb
P08746,train,ok,C:\Users\Abhinav\OneDrive\Desktop\Convergent Enzyme Claasification\structures\ec_classification\P08746.pdb
P62019,train,ok,C:\Users\Abhinav\OneDrive\Desktop\Convergent Enzyme Claasification\structures\ec_classification\P62019.pdb
P14571,train,ok,C:\Users\Abhinav\OneDrive\Desktop\Convergent Enzyme Claasification\structures\ec_classification\P14571.pdb
Q21Z99,train,ok,C:\Users\Abhinav\OneDrive\Desktop\Convergent Enzyme Claasification\structures\ec_classification\Q21Z99.pdb
Q823P5,train,ok,C:\Users\Abhinav\OneDrive\Desktop\Convergent Enzyme Claasification\structures\ec_classification\Q823P5.pdb
Q5UQV6,test,no_entry,
Q8PU58,test,ok,C:\Users\Abhinav\OneDrive\Desktop\Convergent Enzyme Claasification\structures\ec_classification\Q8PU58.pdb
A2BQ15,test,ok,C:\Users\Abhinav\OneDrive\Desktop\Convergent Enzyme Claasification\structures\ec_classification\A2BQ15.pdb
Q6BTC8,test,ok,C:\Users\Abhinav\OneDrive\Desktop\Convergent Enzyme Claasification\structures\ec_classification\Q6BTC8.pdb
A0A0H2XEA6,test,ok,C:\Users\Abhinav\OneDrive\Desktop\Convergent Enzyme Claasification\structures\ec_classification\A0A0H2XEA6.pdb
Q6LWZ3,test,ok,C:\Users\Abhinav\OneDrive\Desktop\Convergent Enzyme Claasification\structures\ec_classification\Q6LWZ3.pdb
Q5SVQ0,test,ok,C:\Users\Abhinav\OneDrive\Desktop\Convergent Enzyme Claasification\structures\ec_classification\Q5SVQ0.pdb
P0DOY1,test,ok,C:\Users\Abhinav\OneDrive\Desktop\Convergent Enzyme Claasification\structures\ec_classification\P0DOY1.pdb
O46310,test,ok,C:\Users\Abhinav\OneDrive\Desktop\Convergent Enzyme Claasification\structures\ec_classification\O46310.pdb
Q9KTE4,test,ok,C:\Users\Abhinav\OneDrive\Desktop\Convergent Enzyme Claasification\structures\ec_classification\Q9KTE4.pdb
Q8IRW8,test,ok,C:\Users\Abhinav\OneDrive\Desktop\Convergent Enzyme Claasification\structures\ec_classification\Q8IRW8.pdb
Q09956,test,ok,C:\Users\Abhinav\OneDrive\Desktop\Convergent Enzyme Claasification\structures\ec_classification\Q09956.pdb
O74831,test,ok,C:\Users\Abhinav\OneDrive\Desktop\Convergent Enzyme Claasification\structures\ec_classification\O74831.pdb
A0LL58,test,ok,C:\Users\Abhinav\OneDrive\Desktop\Convergent Enzyme Claasification\structures\ec_classification\A0LL58.pdb
Q5AD07,test,ok,C:\Users\Abhinav\OneDrive\Desktop\Convergent Enzyme Claasification\structures\ec_classification\Q5AD07.pdb
Q12006,test,ok,C:\Users\Abhinav\OneDrive\Desktop\Convergent Enzyme Claasification\structures\ec_classification\Q12006.pdb
P39421,test,no_entry,
Q42868,test,ok,C:\Users\Abhinav\OneDrive\Desktop\Convergent Enzyme Claasification\structures\ec_classification\Q42868.pdb
Q9ZVX1,test,ok,C:\Users\Abhinav\OneDrive\Desktop\Convergent Enzyme Claasification\structures\ec_classification\Q9ZVX1.pdb
Q810L3,test,ok,C:\Users\Abhinav\OneDrive\Desktop\Convergent Enzyme Claasification\structures\ec_classification\Q810L3.pdb
Q9W5D4,test,ok,C:\Users\Abhinav\OneDrive\Desktop\Convergent Enzyme Claasification\structures\ec_classification\Q9W5D4.pdb
Q84RQ8,test,ok,C:\Users\Abhinav\OneDrive\Desktop\Convergent Enzyme Claasification\structures\ec_classification\Q84RQ8.pdb
O64792,test,ok,C:\Users\Abhinav\OneDrive\Desktop\Convergent Enzyme Claasification\structures\ec_classification\O64792.pdb
Q69ZR2,test,ok,C:\Users\Abhinav\OneDrive\Desktop\Convergent Enzyme Claasification\structures\ec_classification\Q69ZR2.pdb
P40582,test,ok,C:\Users\Abhinav\OneDrive\Desktop\Convergent Enzyme Claasification\structures\ec_classification\P40582.pdb
P03177,test,ok,C:\Users\Abhinav\OneDrive\Desktop\Convergent Enzyme Claasification\structures\ec_classification\P03177.pdb
Q8SQY7,test,ok,C:\Users\Abhinav\OneDrive\Desktop\Convergent Enzyme Claasification\structures\ec_classification\Q8SQY7.pdb
Q12866,test,ok,C:\Users\Abhinav\OneDrive\Desktop\Convergent Enzyme Claasification\structures\ec_classification\Q12866.pdb
P18160,test,ok,C:\Users\Abhinav\OneDrive\Desktop\Convergent Enzyme Claasification\structures\ec_classification\P18160.pdb
O25533,test,ok,C:\Users\Abhinav\OneDrive\Desktop\Convergent Enzyme Claasification\structures\ec_classification\O25533.pdb
A6LRL7,test,ok,C:\Users\Abhinav\OneDrive\Desktop\Convergent Enzyme Claasification\structures\ec_classification\A6LRL7.pdb
B4JHJ7,test,ok,C:\Users\Abhinav\OneDrive\Desktop\Convergent Enzyme Claasification\structures\ec_classification\B4JHJ7.pdb
O61069,test,no_entry,
Q54R82,test,ok,C:\Users\Abhinav\OneDrive\Desktop\Convergent Enzyme Claasification\structures\ec_classification\Q54R82.pdb
Q54YH4,test,ok,C:\Users\Abhinav\OneDrive\Desktop\Convergent Enzyme Claasification\structures\ec_classification\Q54YH4.pdb
Q67653,test,ok,C:\Users\Abhinav\OneDrive\Desktop\Convergent Enzyme Claasification\structures\ec_classification\Q67653.pdb
Q9VD44,test,ok,C:\Users\Abhinav\OneDrive\Desktop\Convergent Enzyme Claasification\structures\ec_classification\Q9VD44.pdb
Q57606,test,ok,C:\Users\Abhinav\OneDrive\Desktop\Convergent Enzyme Claasification\structures\ec_classification\Q57606.pdb
Q8R753,test,ok,C:\Users\Abhinav\OneDrive\Desktop\Convergent Enzyme Claasification\structures\ec_classification\Q8R753.pdb
Q8LKW0,test,ok,C:\Users\Abhinav\OneDrive\Desktop\Convergent Enzyme Claasification\structures\ec_classification\Q8LKW0.pdb
Q20EX3,test,ok,C:\Users\Abhinav\OneDrive\Desktop\Convergent Enzyme Claasification\structures\ec_classification\Q20EX3.pdb
Q9HCN3,test,ok,C:\Users\Abhinav\OneDrive\Desktop\Convergent Enzyme Claasification\structures\ec_classification\Q9HCN3.pdb
B8GZM2,test,ok,C:\Users\Abhinav\OneDrive\Desktop\Convergent Enzyme Claasification\structures\ec_classification\B8GZM2.pdb
Q53547,test,ok,C:\Users\Abhinav\OneDrive\Desktop\Convergent Enzyme Claasification\structures\ec_classification\Q53547.pdb
A1A005,test,ok,C:\Users\Abhinav\OneDrive\Desktop\Convergent Enzyme Claasification\structures\ec_classification\A1A005.pdb
B1AJ41,test,ok,C:\Users\Abhinav\OneDrive\Desktop\Convergent Enzyme Claasification\structures\ec_classification\B1AJ41.pdb
P42494,test,ok,C:\Users\Abhinav\OneDrive\Desktop\Convergent Enzyme Claasification\structures\ec_classification\P42494.pdb
Q93V61,test,ok,C:\Users\Abhinav\OneDrive\Desktop\Convergent Enzyme Claasification\structures\ec_classification\Q93V61.pdb
P73335,test,ok,C:\Users\Abhinav\OneDrive\Desktop\Convergent Enzyme Claasification\structures\ec_classification\P73335.pdb
Q9P8W0,test,ok,C:\Users\Abhinav\OneDrive\Desktop\Convergent Enzyme Claasification\structures\ec_classification\Q9P8W0.pdb
G5EC44,test,ok,C:\Users\Abhinav\OneDrive\Desktop\Convergent Enzyme Claasification\structures\ec_classification\G5EC44.pdb
A3MTK6,test,ok,C:\Users\Abhinav\OneDrive\Desktop\Convergent Enzyme Claasification\structures\ec_classification\A3MTK6.pdb
A0L6H5,test,ok,C:\Users\Abhinav\OneDrive\Desktop\Convergent Enzyme Claasification\structures\ec_classification\A0L6H5.pdb
Q8VYU4,test,ok,C:\Users\Abhinav\OneDrive\Desktop\Convergent Enzyme Claasification\structures\ec_classification\Q8VYU4.pdb
Q07606,test,ok,C:\Users\Abhinav\OneDrive\Desktop\Convergent Enzyme Claasification\structures\ec_classification\Q07606.pdb
Q9C103,test,ok,C:\Users\Abhinav\OneDrive\Desktop\Convergent Enzyme Claasification\structures\ec_classification\Q9C103.pdb
O01326,test,ok,C:\Users\Abhinav\OneDrive\Desktop\Convergent Enzyme Claasification\structures\ec_classification\O01326.pdb
Q5UPY1,test,ok,C:\Users\Abhinav\OneDrive\Desktop\Convergent Enzyme Claasification\structures\ec_classification\Q5UPY1.pdb
Q91YE9,test,ok,C:\Users\Abhinav\OneDrive\Desktop\Convergent Enzyme Claasification\structures\ec_classification\Q91YE9.pdb
B5EGY0,test,ok,C:\Users\Abhinav\OneDrive\Desktop\Convergent Enzyme Claasification\structures\ec_classification\B5EGY0.pdb
Q7NA60,test,ok,C:\Users\Abhinav\OneDrive\Desktop\Convergent Enzyme Claasification\structures\ec_classification\Q7NA60.pdb
Q501F9,test,ok,C:\Users\Abhinav\OneDrive\Desktop\Convergent Enzyme Claasification\structures\ec_classification\Q501F9.pdb
P40399,test,ok,C:\Users\Abhinav\OneDrive\Desktop\Convergent Enzyme Claasification\structures\ec_classification\P40399.pdb
Q38924,test,ok,C:\Users\Abhinav\OneDrive\Desktop\Convergent Enzyme Claasification\structures\ec_classification\Q38924.pdb
Q84JU4,test,ok,C:\Users\Abhinav\OneDrive\Desktop\Convergent Enzyme Claasification\structures\ec_classification\Q84JU4.pdb
Q10916,test,ok,C:\Users\Abhinav\OneDrive\Desktop\Convergent Enzyme Claasification\structures\ec_classification\Q10916.pdb
Q9ZCD8,test,ok,C:\Users\Abhinav\OneDrive\Desktop\Convergent Enzyme Claasification\structures\ec_classification\Q9ZCD8.pdb
Q9HX69,test,ok,C:\Users\Abhinav\OneDrive\Desktop\Convergent Enzyme Claasification\structures\ec_classification\Q9HX69.pdb
P09961,test,ok,C:\Users\Abhinav\OneDrive\Desktop\Convergent Enzyme Claasification\structures\ec_classification\P09961.pdb
P31206,test,ok,C:\Users\Abhinav\OneDrive\Desktop\Convergent Enzyme Claasification\structures\ec_classification\P31206.pdb
B4HEM4,test,ok,C:\Users\Abhinav\OneDrive\Desktop\Convergent Enzyme Claasification\structures\ec_classification\B4HEM4.pdb
Q556F2,test,ok,C:\Users\Abhinav\OneDrive\Desktop\Convergent Enzyme Claasification\structures\ec_classification\Q556F2.pdb
A5FB63,test,ok,C:\Users\Abhinav\OneDrive\Desktop\Convergent Enzyme Claasification\structures\ec_classification\A5FB63.pdb
Q97U94,test,ok,C:\Users\Abhinav\OneDrive\Desktop\Convergent Enzyme Claasification\structures\ec_classification\Q97U94.pdb
A1CE56,test,ok,C:\Users\Abhinav\OneDrive\Desktop\Convergent Enzyme Claasification\structures\ec_classification\A1CE56.pdb
P26831,test,ok,C:\Users\Abhinav\OneDrive\Desktop\Convergent Enzyme Claasification\structures\ec_classification\P26831.pdb
P50694,test,ok,C:\Users\Abhinav\OneDrive\Desktop\Convergent Enzyme Claasification\structures\ec_classification\P50694.pdb
Q22492,test,ok,C:\Users\Abhinav\OneDrive\Desktop\Convergent Enzyme Claasification\structures\ec_classification\Q22492.pdb
P23031,test,ok,C:\Users\Abhinav\OneDrive\Desktop\Convergent Enzyme Claasification\structures\ec_classification\P23031.pdb
Q05622,test,ok,C:\Users\Abhinav\OneDrive\Desktop\Convergent Enzyme Claasification\structures\ec_classification\Q05622.pdb
Q5W6G0,test,ok,C:\Users\Abhinav\OneDrive\Desktop\Convergent Enzyme Claasification\structures\ec_classification\Q5W6G0.pdb
P84786,test,ok,C:\Users\Abhinav\OneDrive\Desktop\Convergent Enzyme Claasification\structures\ec_classification\P84786.pdb
P59206,test,ok,C:\Users\Abhinav\OneDrive\Desktop\Convergent Enzyme Claasification\structures\ec_classification\P59206.pdb
Q6ZQ93,test,ok,C:\Users\Abhinav\OneDrive\Desktop\Convergent Enzyme Claasification\structures\ec_classification\Q6ZQ93.pdb
G8SD34,test,ok,C:\Users\Abhinav\OneDrive\Desktop\Convergent Enzyme Claasification\structures\ec_classification\G8SD34.pdb
Q8GJ44,test,ok,C:\Users\Abhinav\OneDrive\Desktop\Convergent Enzyme Claasification\structures\ec_classification\Q8GJ44.pdb
Q9S2X7,test,ok,C:\Users\Abhinav\OneDrive\Desktop\Convergent Enzyme Claasification\structures\ec_classification\Q9S2X7.pdb
Q14674,test,ok,C:\Users\Abhinav\OneDrive\Desktop\Convergent Enzyme Claasification\structures\ec_classification\Q14674.pdb
L7N653,test,ok,C:\Users\Abhinav\OneDrive\Desktop\Convergent Enzyme Claasification\structures\ec_classification\L7N653.pdb
P52341,test,no_entry,
Q695T8,test,ok,C:\Users\Abhinav\OneDrive\Desktop\Convergent Enzyme Claasification\structures\ec_classification\Q695T8.pdb
Q02959,test,ok,C:\Users\Abhinav\OneDrive\Desktop\Convergent Enzyme Claasification\structures\ec_classification\Q02959.pdb
Q58549,test,ok,C:\Users\Abhinav\OneDrive\Desktop\Convergent Enzyme Claasification\structures\ec_classification\Q58549.pdb
P18539,test,ok,C:\Users\Abhinav\OneDrive\Desktop\Convergent Enzyme Claasification\structures\ec_classification\P18539.pdb
Q18680,test,ok,C:\Users\Abhinav\OneDrive\Desktop\Convergent Enzyme Claasification\structures\ec_classification\Q18680.pdb
Q6QGE7,test,no_entry,
Q2QYE1,test,ok,C:\Users\Abhinav\OneDrive\Desktop\Convergent Enzyme Claasification\structures\ec_classification\Q2QYE1.pdb
A1VYL9,test,ok,C:\Users\Abhinav\OneDrive\Desktop\Convergent Enzyme Claasification\structures\ec_classification\A1VYL9.pdb
Q99N23,test,ok,C:\Users\Abhinav\OneDrive\Desktop\Convergent Enzyme Claasification\structures\ec_classification\Q99N23.pdb
Q06VC2,test,ok,C:\Users\Abhinav\OneDrive\Desktop\Convergent Enzyme Claasification\structures\ec_classification\Q06VC2.pdb
Q52087,test,ok,C:\Users\Abhinav\OneDrive\Desktop\Convergent Enzyme Claasification\structures\ec_classification\Q52087.pdb
Q9YEK1,test,ok,C:\Users\Abhinav\OneDrive\Desktop\Convergent Enzyme Claasification\structures\ec_classification\Q9YEK1.pdb
P39145,test,ok,C:\Users\Abhinav\OneDrive\Desktop\Convergent Enzyme Claasification\structures\ec_classification\P39145.pdb
Q971Z6,test,ok,C:\Users\Abhinav\OneDrive\Desktop\Convergent Enzyme Claasification\structures\ec_classification\Q971Z6.pdb
E9AE57,test,ok,C:\Users\Abhinav\OneDrive\Desktop\Convergent Enzyme Claasification\structures\ec_classification\E9AE57.pdb
Q76EC9,test,ok,C:\Users\Abhinav\OneDrive\Desktop\Convergent Enzyme Claasification\structures\ec_classification\Q76EC9.pdb
P39049,test,ok,C:\Users\Abhinav\OneDrive\Desktop\Convergent Enzyme Claasification\structures\ec_classification\P39049.pdb
Q166H0,test,ok,C:\Users\Abhinav\OneDrive\Desktop\Convergent Enzyme Claasification\structures\ec_classification\Q166H0.pdb
C1D538,test,ok,C:\Users\Abhinav\OneDrive\Desktop\Convergent Enzyme Claasification\structures\ec_classification\C1D538.pdb
Q58819,test,ok,C:\Users\Abhinav\OneDrive\Desktop\Convergent Enzyme Claasification\structures\ec_classification\Q58819.pdb
Q19187,test,ok,C:\Users\Abhinav\OneDrive\Desktop\Convergent Enzyme Claasification\structures\ec_classification\Q19187.pdb
Q8C0T9,test,ok,C:\Users\Abhinav\OneDrive\Desktop\Convergent Enzyme Claasification\structures\ec_classification\Q8C0T9.pdb
A0A5B8NIM2,test,ok,C:\Users\Abhinav\OneDrive\Desktop\Convergent Enzyme Claasification\structures\ec_classification\A0A5B8NIM2.pdb
Q9H3N1,test,ok,C:\Users\Abhinav\OneDrive\Desktop\Convergent Enzyme Claasification\structures\ec_classification\Q9H3N1.pdb
A9BJK2,test,ok,C:\Users\Abhinav\OneDrive\Desktop\Convergent Enzyme Claasification\structures\ec_classification\A9BJK2.pdb
P77966,test,ok,C:\Users\Abhinav\OneDrive\Desktop\Convergent Enzyme Claasification\structures\ec_classification\P77966.pdb
Q6KIG6,test,ok,C:\Users\Abhinav\OneDrive\Desktop\Convergent Enzyme Claasification\structures\ec_classification\Q6KIG6.pdb
Q8NFZ0,test,ok,C:\Users\Abhinav\OneDrive\Desktop\Convergent Enzyme Claasification\structures\ec_classification\Q8NFZ0.pdb
A1WYU0,test,ok,C:\Users\Abhinav\OneDrive\Desktop\Convergent Enzyme Claasification\structures\ec_classification\A1WYU0.pdb
Q8RBK1,test,ok,C:\Users\Abhinav\OneDrive\Desktop\Convergent Enzyme Claasification\structures\ec_classification\Q8RBK1.pdb
P49915,test,ok,C:\Users\Abhinav\OneDrive\Desktop\Convergent Enzyme Claasification\structures\ec_classification\P49915.pdb
Q18HT7,test,ok,C:\Users\Abhinav\OneDrive\Desktop\Convergent Enzyme Claasification\structures\ec_classification\Q18HT7.pdb
P10329,test,ok,C:\Users\Abhinav\OneDrive\Desktop\Convergent Enzyme Claasification\structures\ec_classification\P10329.pdb
Q5PR55,test,ok,C:\Users\Abhinav\OneDrive\Desktop\Convergent Enzyme Claasification\structures\ec_classification\Q5PR55.pdb
P82543,test,ok,C:\Users\Abhinav\OneDrive\Desktop\Convergent Enzyme Claasification\structures\ec_classification\P82543.pdb
O69583,test,ok,C:\Users\Abhinav\OneDrive\Desktop\Convergent Enzyme Claasification\structures\ec_classification\O69583.pdb
A8AC29,test,ok,C:\Users\Abhinav\OneDrive\Desktop\Convergent Enzyme Claasification\structures\ec_classification\A8AC29.pdb
Q824Y6,test,ok,C:\Users\Abhinav\OneDrive\Desktop\Convergent Enzyme Claasification\structures\ec_classification\Q824Y6.pdb
