Entry,status,embl_xref,embl_protein_id
A6UQM3,ok,CP000742,ABR54795.1
A2SS82,ok,CP000559,ABN07188.1
A0B5N0,ok,CP000477,ABK14004.1
Q09751,ok,CU329671,CAA20759.1
Q9UXN8,ok,AJ011519,CAB56641.1
P16635,ok,D00342,BAA00248.1
O49818,ok,AJ224520,CAA12028.1
B0R328,ok,AM774415,CAP13138.1
Q55595,ok,BA000022,BAA10101.1
Q04760,ok,AF146651,AAD38008.1
Q02890,ok,U43281,AAB68203.1
O74739,ok,CU329671,CAA21253.1
Q6CAX5,ok,CR382129,CAG82507.1
Q5WNE3,ok,HE600996,CAP27943.3
P31129,ok,U00096,AAC74608.1
Q8ZNT5,ok,AE006468,AAL20897.1
A0A0H2Z7X0,ok,CP000438,ABJ10287.1
P0DUE2,no_embl_cds_xref,,
Q9TW67,ok,Z81552,CAB04487.2
P77302,ok,U00096,AAC74423.2
Q8K9P6,ok,AE013218,AAM67832.1
Q05533,ok,U51031,AAB64472.1
Q28CL4,ok,CR926321,CAJ82287.1
Q9WYK0,ok,AE000512,AAD35453.1
P0AB83,ok,J02857,AAA24227.1
P46813,ok,U15181,AAA62956.1
Q89AW4,ok,AE016826,AAO26848.1
P44333,efetch_failed,L42023,AAC22595.1
Q58030,ok,L77117,AAB98606.1
Q9PMD4,ok,AL111168,CAL35635.1
Q2S8W1,ok,CP000155,ABC32913.1
C4XST3,ok,AP010904,BAH75775.1
Q1QEK1,ok,CP000323,ABE73902.1
Q8RHH5,ok,AE009951,AAL94138.1
Q8X225,ok,AF419248,AAL35215.1
P73715,efetch_failed,BA000022,BAA17762.1
Q9EQQ0,ok,AF149204,AAF73152.1
A0A1L7TZE5,ok,FCQH01000012,CVL01483.1
Q9U263,ok,BX284604,CAB63382.3
Q6NRE8,ok,BC070805,AAH70805.1
Q9X1G3,ok,AE000512,AAD36520.1
Q9PM37,ok,AL111168,CAL35735.1
P50070,ok,U20669,AAB60207.1
O83505,ok,AE000520,AAC65479.1
P52308,ok,AE016830,AAO81310.1
Q0AHY7,ok,CP000450,ABI59045.1
A6U6V4,ok,CP000738,ABR59384.1
A4G1V8,ok,CU207211,CAL60495.2
Q59266,ok,L37874,AAB84229.1
P29364,ok,X65034,CAA46169.1
O84089,ok,AE001273,AAC67678.1
Q2RPU7,efetch_failed,CP000230,ABC23848.1
Q69Q02,ok,AP005452,BAD31425.1
P45176,ok,L42023,AAC23003.1
O94412,ok,CU329672,CAA22489.1
O87172,ok,AB016244,BAA33728.1
Q9FJ32,ok,AB016871,BAB10657.1
Q08602,ok,L10415,AAA41998.1
Q6DBD7,efetch_failed,AB010698,BAB11077.1
Q00618,ok,U14132,AAA21386.1
Q9VIP7,ok,AE014134,AAF53869.2
O45686,ok,Z83115,CAB05556.1
O45145,ok,FO081630,CCD72931.1
Q8PZ69,ok,AE008384,AAM30321.1
Q09551,ok,Z48582,CAA88464.1
Q55DQ4,efetch_failed,AAFI02000005,EAL72135.2
A6UW35,ok,CP000743,ABR56707.1
Q8ZWP7,ok,AE009441,AAL63653.1
Q9UX83,ok,AB006440,BAD95988.1
Q4J8L6,ok,CP000077,AAY80864.1
P14571,ok,X16593,CAA34604.1
A3CT21,ok,CP000562,ABN56521.1
P38462,ok,M68929,AAC09426.1
P08746,ok,X04764,CAA28458.1
A7MMC7,ok,CP000783,ABU75452.1
Q9JTL9,ok,AL157959,CAM08848.1
Q7MZX2,ok,BX571872,CAE16511.1
Q5HVG7,ok,CP000025,AAW35784.1
A6TH46,ok,CP000647,ABR79880.1
P25180,ok,M62733,AAA47451.1
P62019,efetch_failed,M57238,AAA72942.1
P12555,ok,M19432,AAA46638.1
P21526,ok,M34033,AAA46799.1
Q9SLD2,ok,AC003058,AAM14875.1
Q75BY0,ok,AE016816,AAS51366.1
P04850,ok,S76876,AAB21114.1
O74850,ok,CU329672,CAE54965.2
Q9ASU1,ok,AL133452,CAB63016.1
P25465,ok,D00865,BAA00739.1
A0AG13,ok,AM263198,CAK19945.1
Q3IU57,ok,CR936257,CAI48326.1
Q2SN16,ok,CP000155,ABC27958.1
Q5I396,ok,AC132493,AAU10815.1
P95931,ok,Y08256,CAA69435.1
B0UHR4,ok,CP000943,ACA21034.1
A4XPM3,ok,CP000680,ABP83289.1
Q9HLQ2,ok,AL445063,CAC11321.1
Q9YE03,ok,BA000002,BAA79744.1
P40852,ok,AM260480,CAJ96176.1
P11045,ok,M20012,AAA22853.1
Q5JDB7,ok,AP006878,BAD86490.1
Q89AV2,ok,AE016826,AAO26867.1
O62583,ok,AJ005644,CAA06647.1
Q9PR30,ok,AF222894,AAF30520.1
P17719,ok,AE014297,AAF55324.1
Q06508,ok,U40829,AAB68279.1
O22975,ok,AC002343,AAB63608.1
Q9US27,ok,CU329670,CAB66165.2
O15120,ok,CH471090,EAW88249.1
Q68EL2,ok,BC080214,AAH80214.1
B2V7S8,ok,CP001080,ACD66001.1
A6LTN7,ok,CP000721,ABR33717.1
Q59601,efetch_failed,U21806,AAB40877.1
A1T099,ok,CP000510,ABM05164.1
Q08BL3,ok,BC124666,AAI24667.1
B8DHM6,ok,CP001175,ACK39395.1
Q7SYI5,ok,BC054714,AAH54714.1
Q6GNL1,ok,BC073496,AAH73496.1
Q18515,ok,Z35641,CAA84707.2
P09938,ok,M17221,AAA34987.1
Q7K237,ok,AE014134,AAF52724.1
P28847,ok,AY665713,AAT67277.1
P42521,ok,L36941,AAB72227.2
P36603,ok,X65115,CAA46231.1
Q66662,ok,U20824,AAC13848.1
Q0A4T1,ok,CP000453,ABI58156.1
Q55714,ok,BA000022,BAA10355.1
A7IB66,ok,CP000781,ABS69481.1
A4XT57,ok,CP000680,ABP84523.1
Q9A871,ok,AE005673,AAK23472.1
A1SJN0,ok,CP000509,ABL82015.1
Q3IBX6,ok,CR954247,CAI89354.1
Q7MH68,ok,BA000037,BAC95768.1
Q46800,ok,U28375,AAA83048.1
A1SRH8,ok,CP000510,ABM02093.1
A7NLR3,ok,CP000804,ABU58459.1
Q54FB7,ok,AAFI02000174,EAL61954.1
P08793,efetch_failed,X07323,CAA30281.1
O32143,ok,AL009126,CAB15237.1
Q9KUH2,ok,AE003852,AAF93717.1
Q9KTU4,ok,AE003852,AAF93958.1
Q9RF98,ok,AF200362,AAF14627.1
Q65WL3,ok,AE016827,AAU36647.1
O32145,efetch_failed,AL009126,CAB15239.1
Q03032,ok,AE006468,AAL22222.1
Q54RC3,ok,AAFI02000051,EAL65841.1
Q9FJ79,ok,AB015479,BAB08548.1
O17966,ok,Z93385,CAB07639.1
P30189,ok,U80064,AAC24158.1
A8FRV0,ok,CP000821,ABV35573.1
Q00313,ok,U40454,AAC49381.1
B8F4P0,ok,CP001321,ACL32292.1
A1JJF2,ok,AM286415,CAL10740.1
Q88A48,ok,AE016853,AAO54091.1
P87168,ok,CU329671,CAB09123.1
Q89NF8,ok,BA000040,BAC49147.1
Q8TWK0,ok,AE009439,AAM02246.1
P36159,ok,Z28304,CAA82158.1
Q47PQ7,ok,CP000088,AAZ55562.1
Q0AC59,efetch_failed,CP000453,ABI55578.1
P0CO40,ok,AE017347,AAW44468.2
Q9VHH9,ok,AE014297,AAF54335.2
Q6BXJ4,ok,CR382134,CAG85063.2
Q5AW75,ok,AACD01000129,EAA62035.1
A0LH38,ok,CP000478,ABK16740.1
Q640I9,ok,BC073414,AAH73414.1
Q0C438,ok,CP000158,ABI77512.1
Q0ALV0,ok,CP000449,ABI66743.1
A2BMW0,ok,CP000493,ABM81321.1
A4YYA7,ok,CU234118,CAL78883.1
A0Q6W0,ok,CP000439,ABK89975.1
B7VB62,ok,FM209186,CAW28239.1
Q1H190,ok,CP000284,ABE49747.1
Q9HRF0,ok,AE004437,AAG19208.1
Q929X1,ok,AL596171,CAC97382.1
A5FZ26,ok,CP000697,ABQ30858.1
P0DC92,ok,AE014074,AAM79184.1
Q8ZC51,ok,AL590842,CAL21766.1
Q9KPQ9,ok,AE003852,AAF95451.1
A1KV38,efetch_failed,AM421808,CAM10739.1
Q9W3U1,ok,AE014298,AAF46222.2
Q55DL2,ok,AAFI02000005,EAL72640.1
P40481,ok,Z38125,CAA86270.1
Q2KIJ2,ok,BC112618,AAI12619.1
Q68KK0,ok,GL762181,EFZ21865.1
P0DSI2,no_embl_cds_xref,,
Q9UTQ8,ok,CU329670,CAB59881.1
P18952,ok,X66505,CAA47137.1
Q6Q252,ok,AY566645,AAS67041.1
P0DX85,ok,AXQR01000012,ERW74313.1
O06835,ok,Z92524,CAB06824.1
S4S3E3,ok,HM627755,AEI98660.1
Q8RQP9,ok,AB081773,BAB86379.2
Q0S808,ok,CP000431,ABG96328.1
Q86AG8,ok,AAFI02000007,EAL71441.1
O14192,ok,CU329670,CAB16394.1
H3ZPL1,ok,CP006670,EHR78055.1
Q6F9F5,efetch_failed,CR543861,CAG69309.1
D4B5H9,ok,ABSU01000041,EFE29423.1
O94570,ok,CU329671,CAA21918.1
Q9Y7S6,ok,CU329672,CAB42068.1
D1L2Y9,ok,GQ413938,ACY66718.1
Q5AAU5,ok,CP017623,AOW26348.1
N1P212,ok,CM001537,EIW07140.1
C5FBW2,ok,DS995701,EEQ27296.1
P78617,ok,U75428,AAB57642.1
Q4WGU1,ok,AAHF01000009,EAL86850.2
Q70GH4,ok,AAHF01000002,EAL92685.2
C5FHK0,ok,DS995702,EEQ28740.1
Q07703,ok,L10425,AAA22978.1
Q4WQU0,ok,AAHF01000005,EAL89394.1
A2RM21,ok,AF131880,AAF14693.1
P53780,ok,AL138655,CAB72175.1
Q01128,ok,Z68292,CAA92584.1
P18949,ok,AE006468,AAL22035.1
Q4L332,ok,AP006716,BAE05945.1
A3DDS6,ok,CP000568,ABN52105.1
Q875I3,ok,AY198188,AAO19636.1
O13504,ok,AJ001000,CAA04452.1
P43073,ok,X78466,CAA55217.1
P96188,ok,U77781,AAD13686.1
P43641,ok,X76192,CAA53786.1
P25240,ok,M74821,AAA23388.1
Q57596,ok,L77117,AAB98113.1
P08957,ok,X06545,CAA29792.1
Q8K912,ok,AE013218,AAM68089.1
C4L274,ok,CP001615,ACQ71126.1
Q98PH2,ok,AL445565,CAC13923.1
Q88ZS1,ok,AL935263,CCC77766.1
P0DW59,ok,JEYH01000003,EXE88617.1
A7Z1E8,ok,CP000560,ABS72824.1
Q9I739,ok,AE004091,AAG03483.1
A0A1V0HUU2,ok,CP020384,ARC87742.1
O05442,ok,AL123456,CCP46732.1
Q8D2H8,ok,BA000021,BAC24522.1
Q2P7U1,ok,AP008229,BAE67386.1
A0A5B8Z1N3,ok,CP042593,QED46885.1
Q9RER4,ok,AF212103,AAF23014.1
Q1IYK9,ok,CP000359,ABF45675.1
Q8ELK1,ok,BA000028,BAC15182.1
P42176,ok,Z49884,CAA90046.1
P19318,ok,X17110,CAA34965.1
P0AF32,ok,X17110,CAA34967.1
P42177,ok,Z49884,CAA90048.1
I3R9M8,ok,AJ621881,CAF21907.1
O54029,ok,AJ002015,CAA05138.1
Q56724,ok,Z24754,CAA80873.1
Q57490,ok,Z24754,CAA80874.1
O54030,ok,AJ002015,CAA05139.1
A1VIL5,ok,CP000529,ABM35493.1
Q3J6V6,ok,CP000127,ABA59440.1
Q3SM42,ok,CP000116,AAZ96208.1
O54031,efetch_failed,AJ002015,CAA05140.1
P08309,ok,M16697,AAA33624.1
Q86I79,ok,AAFI02000007,EAL71475.1
P35150,ok,M84227,AAA22377.1
P39042,ok,X59965,CAA42591.1
P39045,ok,X64790,CAA46023.1
P08075,ok,Y00459,CAA68514.1
B8FNN4,ok,CP001322,ACL06315.1
P95778,ok,D78182,BAA11247.1
Q9RR29,ok,AF055579,AAD55453.1
P55464,ok,U00090,AAB91682.1
P61887,ok,M87049,AAA67589.1
Q56002,ok,L41665,AAB38543.1
P77619,efetch_failed,U00096,AAC75483.2
P77985,ok,Y07614,CAA68887.1
Q39218,ok,AP000375,BAB01402.1
Q10QH1,ok,DP000009,ABF94457.1
Q0AIM3,ok,CP000450,ABI58803.1
C5BLJ8,ok,CP001614,ACR11399.1
A9I0E6,ok,AM902716,CAP40749.1
B3PFK3,ok,CP000934,ACE85938.1
Q31EJ2,ok,CP000109,ABB42431.1
P55394,ok,U00090,AAB92427.1
P23145,efetch_failed,M60090,AAA22162.1
P52989,ok,U22823,AAB18141.1
P54291,ok,U11811,AAA82725.1
Q46968,ok,U45854,AAA86841.1
O27002,ok,AE000666,AAB85416.1
Q58571,ok,L77117,AAB99173.1
P61154,no_embl_cds_xref,,
O87970,ok,AF079135,AAC28701.1
P0CW42,ok,AF029842,AAB82591.1
P94365,ok,D83026,BAA11728.1
P94364,ok,D83026,BAA11727.1
Q09049,ok,M77787,AAA22123.1
P0ABK2,ok,U00096,AAC73828.1
B5ZZ10,ok,CP001191,ACI56153.1
P0ABJ9,ok,U00096,AAC73827.2
O68109,ok,AF010496,AAC16199.1
Q48943,efetch_failed,X93084,CAA63631.1
Q92UG4,ok,AL591985,CAC49567.1
Q7VNV1,ok,AE017143,AAP95347.1
P32459,ok,M64778,AAA73025.1
A1V517,ok,CP000526,ABM50555.1
A0A0K1SC59,ok,CVMV01000096,CRG97310.1
A5I0I2,ok,CP000727,ABS37648.1
Q3IF68,ok,CR954246,CAI85211.1
B4EVZ1,ok,AM942759,CAR42763.1
Q08853,ok,X71765,CAA50664.1
O55143,ok,AF029982,AAD01889.1
Q4WND5,ok,AAHF01000006,EAL88529.1
Q37145,ok,L08469,AAD10212.1
Q9RU32,ok,AE000513,AAF11127.1
P92939,ok,AC007583,AAF75073.1
O67914,ok,AE000657,AAC07880.1
Q4JAV0,ok,CP000077,AAY80079.1
B0R7K0,ok,AM774415,CAP14719.1
Q2S320,ok,CP000159,ABC45551.1
O14145,ok,CU329670,CAB16285.1
Q8SSL0,ok,AJ006825,CAA07262.1
Q1W5S8,ok,CM007650,ONM59832.1
Q6H5L4,ok,AP005525,BAD25928.1
Q9HIW7,ok,AL445066,CAC12334.1
B0U1J8,ok,CP000941,ACA11387.1
Q1BYA7,ok,CP000378,ABF75398.1
Q1QZ16,ok,CP000285,ABE58292.1
P58616,ok,BA000019,BAB74672.1
A5VQC8,ok,CP000708,ABQ60433.1
A5W2U1,ok,CP000712,ABQ78451.1
Q5P8D4,ok,CR555306,CAI06425.1
Q11FK9,ok,CP000390,ABG63816.1
Q9K266,ok,AE001363,AAD18460.1
Q48JU8,ok,CP000058,AAZ36289.1
Q89AC7,ok,AE016826,AAO27099.1
Q9ZL74,ok,AE001439,AAD06291.1
Q9PKE2,ok,AE002160,AAF39365.1
P37197,ok,U00039,AAB18494.1
A0A391NGM7,ok,BDJA01000015,GCA58263.1
B8ENH3,ok,CP001280,ACK50104.1
P14532,ok,U23766,AAC43378.1
P0DV69,ok,JAEKFT010000003,MBT0960287.1
A0A391NKV7,ok,BDJA01000015,GCA58262.1
Q8A337,efetch_failed,AE015928,AAO78224.1
Q50L43,ok,AB195276,BAD98152.1
Q9TWL9,no_embl_cds_xref,,
P07297,ok,M14363,AAB59848.1
Q50L41,ok,AB195278,BAD98154.1
Q9EPR2,ok,AY007381,AAG23336.1
A7IMW3,ok,CP000781,ABS69356.1
A8FEM3,ok,CP000813,ABV62690.1
A0PL81,ok,CP000325,ABL03100.1
Q8DJ26,ok,BA000039,BAC08955.1
A5VK00,ok,CP000705,ABQ83174.1
Q41596,ok,U30324,AAA80656.1
Q05539,ok,Z15141,CAA78846.1
H2A0L5,ok,HE610382,CCE46156.1
Q9M2U5,ok,Y14590,CAA74930.1
P29021,ok,X51427,CAA35791.1
Q9Q8L4,ok,AF170726,AAF14974.1
P24486,ok,M60400,AAA42886.1
Q98267,ok,U60315,AAC55228.1
B8ZRH2,ok,FM211192,CAR71454.1
Q9YW39,ok,AF063866,AAC97824.1
Q9YD08,ok,BA000002,BAA80089.2
Q3IKR4,ok,CR954246,CAI86295.1
P65770,ok,AL591979,CAC99664.1
A5VJ17,ok,CP000705,ABQ82841.1
Q9NBX4,ok,AF237761,AAF81411.1
P0DV59,ok,CYGJ01000003,CUA03353.1
P21329,ok,M38437,AAA28649.1
Q3TCT4,efetch_failed,AF288221,AAG01009.1
P23071,ok,M30609,AAA88323.1
Q47526,ok,Z12832,CAA78293.1
O05650,ok,X85171,CAA59455.1
Q57717,ok,L77117,AAB98256.1
P80900,ok,CP001710,ADL57920.1
Q9W4N2,ok,AE014298,AAF45915.1
P80521,ok,CP000099,AAZ69968.1
O27772,ok,AE000666,AAB86210.1
P41469,ok,L22858,AAA66699.1
Q38AH0,ok,CM000208,EAN78200.1
Q4E123,ok,AAHK01000054,EAN98495.1
B2AE04,ok,CU633455,CAP61669.1
P0C2S1,ok,AF039030,AAC06139.1
P50401,ok,CP002666,AEE46055.1
A8XYX2,efetch_failed,HE600928,CAP37839.2
B2AC20,ok,CU633447,CAP60981.1
P50899,ok,L38827,AAB00822.1
P15043,ok,M30198,AAA24517.1
B0R7Q2,ok,AM774415,CAP14771.1
O26901,ok,AE000666,AAB85310.1
Q9YFQ8,ok,BA000002,BAA79103.2
O94762,ok,CH471099,EAW89292.1
Q06592,ok,U25841,AAB64622.1
Q07794,ok,X91488,CAA62768.1
Q9M8T9,ok,AC018363,AAF26961.1
P62915,ok,BC016637,AAH16637.1
A2CDA0,ok,CP000554,ABM79460.1
Q7VE16,ok,AE017126,AAP99244.1
A9BD34,ok,CP000878,ABX08122.1
A2BNW8,ok,CP000551,ABM69479.1
Q46HJ9,ok,CP000095,AAZ59029.1
Q5KH67,ok,AE017345,AAW43547.1
Q9C1W8,ok,CU329671,CAC22608.1
P34545,efetch_failed,Z29095,CAA82353.3
Q756F2,ok,AE016818,AAS52993.2
Q6CEE7,ok,CR382128,CAG83218.1
Q6CWT7,ok,CR382122,CAH01995.1
A1A3D2,ok,AP009256,BAF40215.1
E3H7X6,ok,CP002281,ADO82928.1
A5N8M0,ok,CP000673,EDK33651.1
Q93GX3,ok,AB070957,BAB69418.1
O30405,ok,AF004286,AAB81591.1
Q31RB6,ok,CP000100,ABB56403.1
Q9FGT9,ok,AB024029,BAB10996.1
Q92L99,efetch_failed,AL591688,CAC47759.1
E3GCF1,ok,CP002272,ADO50122.1
Q4WV38,ok,AAHF01000003,EAL91538.1
A0A1D8PLH0,ok,CP017626,AOW28958.1
I1RZD0,ok,HG970335,CEF85588.1
D5V0N9,ok,CP001999,ADG93851.1
Q9KWG3,ok,AB037666,BAB07792.1
A8GD62,ok,CP000826,ABV41052.1
P24521,ok,M63648,AAA34596.1
A0B3G1,ok,CP000459,ABK12187.1
Q6LP67,ok,CR378671,CAG20909.1
C5BQC9,ok,CP001614,ACR12480.1
Q2QM00,ok,DP000011,ABA99412.2
Q9WTK8,ok,AF163052,AAD43591.1
A0A0J9WZF0,ok,AM233362,CAJ80165.1
O29322,ok,AE000782,AAB90299.1
A1SSJ9,efetch_failed,CP000510,ABM02464.1
P22447,ok,X53555,CAA37622.1
A1C9D4,ok,DS027048,EAW13458.1
Q9Y871,ok,AF164516,AAD45376.1
Q9HGR3,ok,BX842597,CAE75726.1
G2QND5,ok,CP003008,AEO62008.1
P39126,ok,U05257,AAA96342.1
Q59940,ok,U62799,AAC44826.1
D4GU92,ok,AJ251585,CAC80860.2
Q7RWX8,ok,CM002238,EAA26992.1
P0CX77,ok,U51921,AAB67481.1
O34482,ok,AB000617,BAA22230.1
P56063,ok,AE000511,AAD07098.1
P9WPX5,ok,AL123456,CCP44302.1
O14254,ok,CU329670,CAB11294.2
P50286,ok,X89215,CAA61503.1
Q9RRX9,ok,AE000513,AAF11899.1
P57324,ok,BA000003,BAB12945.1
O59730,ok,CU329671,CAA19013.1
P53582,ok,CH471057,EAX06083.1
Q8P1N3,ok,AE009949,AAL97447.1
Q9FV50,ok,Z99707,CAB16790.1
Q8G6Z9,ok,AE014295,AAN24310.1
Q48841,ok,X98238,CAA66893.1
Q9CFC3,ok,AE005176,AAK05656.1
P9WK19,efetch_failed,AL123456,CCP45662.1
A1RS58,ok,CP000504,ABL87790.1
Q9V0D5,ok,AJ248285,CAB49769.1
Q9PHY2,ok,AL111168,CAL34678.1
C4K2E2,ok,CP001227,ACR47739.1
C0R4Y0,ok,CP001391,ACN95972.1
P0DD26,efetch_failed,AE014074,AAM80370.1
Q5F4A1,ok,AJ851399,CAH65033.1
Q5RJY2,ok,AK129332,BAC98142.1
Q3T1H6,ok,BC101916,AAI01917.1
Q7Z6J8,ok,CH471051,EAW48681.1
Q6FXN3,ok,CR380948,CAG58062.1
A3LZD1,ok,CP000501,ABN68136.2
Q5A1V3,ok,CP017627,AOW29555.1
Q8ZNR3,ok,AE006468,AAL20970.1
Q6CHN5,ok,CR382127,CAG83752.2
A1D1B7,ok,DS027688,EAW22210.1
Q8T2K9,ok,AAFI02000013,EAL69694.2
P21826,ok,M28124,AAA50351.1
Q5YWU1,ok,AP006618,BAD57350.1
Q87Z72,ok,AE016853,AAO57033.1
Q54E83,ok,AAFI02000182,EAL61574.1
O22494,ok,AF017984,AAB71231.1
P35669,ok,CU329670,CAA93302.1
P46416,ok,U53856,AAA99146.1
P46413,ok,L38615,AAA64618.1
P9WK16,efetch_failed,AE000516,AAK46156.1
Q4FAT7,ok,DQ095863,AAZ03639.1
T2KN75,ok,HG315671,CDF79918.1
Q5LIC7,ok,CR626927,CAH06099.1
T2KPJ7,ok,HG315671,CDF79909.1
Q8E0N2,ok,AE009948,AAM99585.1
P37940,ok,M97391,AAA22278.1
Q5SLR4,ok,AP008226,BAD70052.1
P11178,ok,J03759,AAA30595.1
Q9LPL5,ok,AC015447,AAF87894.1
B1AJ73,ok,CP000942,ACA33025.1
B8HA07,ok,CP001341,ACL38391.1
P9WFF1,ok,U33011,AAC43475.1
C5BUP0,ok,CP001614,ACR11356.1
P94668,ok,Y10356,CAA71384.1
O45924,efetch_failed,AL021480,CAA16329.2
O81851,ok,AL024486,CAA19687.1
Q9C8D1,ok,AC026480,AAG51307.1
Q94B55,ok,AC005727,AAC79588.1
Q9SY88,ok,AC005850,AAD25548.1
D5VUB0,ok,CP002009,ADG12722.1
A2SQH8,ok,CP000559,ABN06584.1
D5EBS7,ok,CP001994,ADE36628.1
D2RES5,ok,CP001857,ADB58619.1
Q0SPE9,ok,CP000395,ABH01279.1
P32511,efetch_failed,M83827,AAA46749.1
Q2NHB2,ok,CP000102,ABC56791.1
B9DNJ4,ok,AM295250,CAL28130.1
A0AIU6,ok,AM263198,CAK20928.1
B1IC10,ok,CP000936,ACA36975.1
A0Q140,ok,CP000382,ABK61121.1
P57212,ok,BA000003,BAB12830.1
P0AFU8,ok,X69109,CAA48861.1
Q9Z820,ok,AE001363,AAD18672.1
P53218,ok,Z72815,CAA97018.1
P45273,ok,L42023,AAC23257.1
Q58360,ok,L77117,AAB98951.1
Q46BE1,ok,CP000099,AAZ70801.1
Q8TZS0,ok,AE009950,AAL82038.1
Q5V059,ok,AY596297,AAV47094.1
B9KXN0,ok,CP001275,ACM05212.1
A4G0Y9,ok,CP000609,ABO36123.1
P50854,efetch_failed,U27202,AAA86523.1
Q8K9T6,ok,AE013218,AAM67766.1
A5N8H9,ok,CP000673,EDK33610.1
Q9AV39,ok,AC025783,AAK20047.1
P0C0A0,no_embl_cds_xref,,
B8B4W4,ok,CM000132,EEC82496.1
Q69PA8,ok,AP005568,BAD33619.1
Q6ETL8,ok,AP004840,BAD28002.1
Q69L93,ok,AP005869,BAD31829.1
P13504,ok,M20658,AAA39279.1
Q9ERS7,ok,AF284433,AAG21367.1
Q86DA5,ok,BX284603,CAA90181.1
P59824,ok,AY216593,AAO62634.1
Q9RVC3,ok,AE000513,AAF10679.1
Q1AVY7,ok,CP000386,ABG04441.1
Q2LVI3,ok,CP000252,ABC78091.1
Q7UNR2,ok,BX294146,CAD75356.1
Q9Z2B1,efetch_failed,AF077347,AAC72197.1
Q18C47,ok,AM180355,CAJ68391.1
B9E6R6,ok,AP009484,BAH17884.1
C0ZBW9,ok,AP008955,BAH43278.1
Q67N40,ok,AP006840,BAD40903.1
Q8ERL9,ok,BA000028,BAC13239.1
Q3AET1,ok,CP000141,ABB13955.1
Q892D0,ok,AE015927,AAO36665.1
B0RS35,ok,AM920689,CAP51270.1
Q0TSP9,ok,CP000246,ABG82727.1
Q57956,ok,L77117,AAB98530.1
Q834L8,ok,AE016830,AAO81410.1
O29779,ok,AE000782,AAB90767.1
O27114,ok,AE000666,AAB85531.1
O53182,ok,AL123456,CCP45248.1
O29781,ok,AE000782,AAB90768.1
Q6F2A0,ok,AE017263,AAT75373.1
B2S3N6,ok,CP000805,ACD71065.1
Q97FL9,efetch_failed,AE001437,AAK80663.1
A1A0B7,ok,AP009256,BAF39150.1
A5FX43,ok,CP000697,ABQ30175.1
Q6KIJ8,ok,AE017308,AAT27578.1
Q8DLN9,ok,BA000039,BAC07991.1
A8Z5Y2,ok,CP000770,ABS30533.1
A0AZ71,ok,CP000459,ABK10697.1
P50382,ok,Z50014,CAA90308.1
A1WY05,ok,CP000544,ABM62567.1
P9WIS9,ok,AL123456,CCP45021.1
Q0J0H4,ok,AP008215,BAF25541.1
Q4UKQ7,ok,CP000053,AAY61870.1
A2CI50,ok,DQ422812,ABM87959.1
P35488,ok,M81753,AAA21908.1
Q84FH6,ok,AY196198,AAO40746.1
P42738,ok,AJ242647,CAB54518.1
D2CSU4,ok,EU751616,ACI41889.1
B4FUP5,ok,CM000781,AQK69073.1
Q9XQV2,ok,AF130032,AAD44699.1
Q7NFT5,ok,BA000045,BAC91380.1
Q9S7H4,efetch_failed,AJ242648,CAB54519.1
Q7NFT6,ok,BA000045,BAC91379.1
P05310,ok,X05423,CAA29003.1
A2CC73,ok,CP000554,ABM79083.1
Q94VK0,ok,AF407489,AAL10022.1
P24873,ok,X54253,CAA38163.1
Q70UT9,ok,AJ537415,CAD60955.1
Q36460,ok,X83427,CAA58453.1
P52478,ok,U08139,AAA83388.1
O13685,ok,CU329670,CAB11183.1
Q86K32,ok,AAFI02000019,EAL68819.2
Q95LM1,ok,AB072767,BAB69736.1
G5ED68,ok,BX284603,CAB04456.1
F4HPP7,ok,AC019018,AAG52279.1
Q9EP69,ok,AJ297526,CAC01937.1
P32368,ok,X51672,CAA35979.1
P12773,efetch_failed,J04815,AAA68136.2
P47147,ok,Z49610,CAA89640.1
Q9W0I6,ok,AE014296,AAF47460.1
A2SL95,ok,CP000555,ABM96334.1
P9WFV7,ok,AL123456,CCP45145.1
Q6AHF7,ok,AE016822,AAT88188.1
C4XS53,ok,AP010904,BAH75575.1
P47180,ok,AB011818,BAA25103.1
Q5B508,ok,AACD01000076,EAA60289.1
Q5ATQ3,ok,AACD01000150,EAA66950.1
P26214,ok,X58893,CAA41694.1
Q12708,ok,L12023,AAC14466.1
Q65R50,efetch_failed,AE016827,AAU38560.1
A1U339,ok,CP000514,ABM19408.1
P30318,ok,D11476,BAA02036.1
Q8FW50,ok,AE014292,AAN33804.1
O08307,ok,Y12328,CAA72997.1
P54202,ok,Z48000,CAA88034.1
P9WQC7,ok,AL123456,CCP43508.1
Q8K983,ok,AE013218,AAM68009.1
N4WW42,ok,AF525909,ACP34153.1
P86883,no_embl_cds_xref,,
Q556F2,ok,AAFI02000012,EAL70308.1
P00332,ok,CU329672,CAA21782.1
P37161,ok,AM412869,CAL85492.1
P11941,ok,AF322106,AAG45933.1
P48816,ok,L37416,AAB40947.1
P16009,ok,X15728,CAA33749.1
O30186,ok,AE000782,AAB91181.1
A0B742,ok,CP000477,ABK14516.1
B6YUL1,ok,CP000855,ACJ16047.1
Q12WC8,ok,CP000300,ABE52248.1
O74975,ok,CU329672,CAA19310.3
Q9ZV56,ok,AF165912,AAD45922.1
Q811Q9,ok,AY189949,AAO39004.1
Q2FN14,efetch_failed,CP000254,ABD40673.1
P07191,ok,V00204,CAA23492.1
P19836,ok,M36071,AAA40995.1
P49583,ok,FO080866,CCD67344.1
Q9AI65,ok,AF279280,AAK28734.1
P13080,ok,M30443,AAA29351.1
Q5SKC5,ok,AB109239,BAC79245.1
Q9Z3R8,ok,AF045609,AAD12047.1
Q8ZYS2,ok,AE009441,AAL62921.1
O28007,ok,AE000782,AAB88977.1
Q9WYY1,ok,AE000512,AAD35596.1
Q96YD0,ok,BA000023,BAB67347.1
Q838U8,ok,AE016830,AAO80198.1
P43473,efetch_failed,Z32771,CAA83671.1
A0KJB0,ok,CP000462,ABK39429.1
Q38424,ok,X69893,CAA49517.1
P39423,ok,X98695,CAA67254.1
Q3ABT4,ok,CP000141,ABB15132.1
B1YJZ8,ok,CP001022,ACB61636.1
A9KHY1,ok,CP000885,ABX43828.1
A9H167,ok,AM889285,CAP57215.1
Q0C530,ok,CP000158,ABI78488.1
Q38XI1,ok,CR936503,CAI55100.1
A2PU44,efetch_failed,AAUU01000054,EAY40854.1
Q97HE6,ok,AE001437,AAK80024.1
B9DKM0,ok,AM295250,CAL28916.1
Q67ND8,ok,AP006840,BAD40805.1
C0ZC50,ok,AP008955,BAH43359.1
A4G8D5,ok,CU207211,CAL62772.1
Q12KR9,ok,CP000302,ABE55957.1
Q47HJ6,ok,CP000089,AAZ45685.1
Q7N0P6,ok,BX571871,CAE16207.1
B2RHB4,ok,AP009380,BAG32759.1
Q3K1L6,ok,CP000114,ABA44825.1
A5WDP0,ok,CP000713,ABQ93781.1
A5VKA1,ok,CP000705,ABQ83275.1
A7IGG9,ok,CP000781,ABS67112.1
Q8K9N9,ok,AE013218,AAM67839.1
A4TNQ8,ok,CP000668,ABP40920.1
B2GBV5,ok,AP008937,BAG27137.1
O34499,ok,AJ002571,CAA05581.1
Q492W6,ok,CP000016,AAZ40976.1
T2KMF9,ok,HG315671,CDF79910.1
Q7SID3,no_embl_cds_xref,,
P21220,ok,X64359,CAA45709.1
Q53117,ok,M74531,AAA26184.1
P13449,ok,X54074,CAA38011.1
Q9UVX1,ok,AF038128,AAF08980.1
O93795,ok,AB010809,BAA36162.1
D4ANV2,ok,ABSU01000004,EFE34963.1
Q7M3V4,no_embl_cds_xref,,
P97052,ok,U89363,AAC18419.1
O42790,ok,AF045574,AAC03052.1
Q8R2Y8,ok,AK028555,BAC26006.1
Q8ZYM4,ok,AE009441,AAL62969.1
Q14197,ok,CH471099,EAW89227.1
Q97CB4,ok,BA000011,BAB59330.1
Q12WH8,ok,CP000300,ABE52198.1
Q0AFF1,ok,CP000450,ABI59931.1
Q9CMW1,ok,AE004439,AAK02776.1
Q82EL5,ok,BA000030,BAC72311.1
Q1AXQ5,ok,CP000386,ABG03823.1
C6H178,ok,FN424352,CAZ66938.1
Q48727,ok,U60828,AAD11504.1
Q8D4H3,ok,AF305636,AAK15465.1
A6T8X0,ok,CP000647,ABR77041.1
O69315,ok,D85027,BAA28362.1
P00900,ok,AY027546,AAK37409.1
Q2LW77,efetch_failed,CP000252,ABC78335.1
P06558,ok,X04960,CAA28624.1
P09786,ok,M15733,AAA26018.1
Q06129,ok,M98048,AAA73380.1
P00363,ok,J01611,AAA23437.1
Q9U3X4,ok,AF211482,AAF21045.1
P00902,ok,M36636,AAA21903.1
O82663,ok,AB018119,BAA97282.1
Q59661,ok,U31902,AAA75177.1
P33802,no_embl_cds_xref,,
P27363,ok,X55001,CAA38747.1
P28855,ok,M75136,AAA88186.1
Q9E6P5,ok,AF243438,AAG14216.1
P09250,ok,X04370,CAA27919.1
P95189,ok,AL123456,CCP45948.1
P31038,efetch_failed,AJ235270,CAA14597.1
P56160,no_embl_cds_xref,,
Q9I6F6,ok,AE004091,AAG03724.1
P0DV34,ok,FM999788,CAX50163.1
Q9HFV5,ok,AF290199,AAG17873.1
Q8NS80,ok,BA000036,BAB98192.1
Q7RXQ8,ok,CM002238,ESA43286.1
O82782,ok,AB008929,BAA32457.1
Q9SHJ0,ok,AC007592,AAF24820.1
Q9LXM2,ok,AL353865,CAB88994.1
P40545,ok,X87341,CAA60779.1
Q6CQL7,ok,CR382124,CAH00868.1
Q9C2R2,ok,AL513410,CAC28578.1
Q17345,ok,BX284603,CAB60501.1
B8N7S7,ok,EQ963475,EED53146.1
Q4X084,ok,AAHF01000001,EAL93731.1
A1C7B5,ok,DS027045,EAW14286.1
Q5BAP5,ok,AACD01000039,EAA64496.1
A2QBQ3,ok,AM269996,CAK96300.1
B3E7P9,ok,CP001089,ACD95031.1
A5F1A0,ok,CP000626,ABQ18634.1
Q9LS39,efetch_failed,AB026658,BAB01117.1
Q2INJ4,ok,CP000251,ABC80380.1
A4FXW1,ok,CP000609,ABO35045.1
P61191,ok,AE017226,AAS11512.1
Q5WFS5,ok,AP006627,BAD64780.1
Q9HN21,ok,AE004437,AAG20400.1
Q8RHY7,ok,AE009951,AAL93952.1
Q5V3F0,ok,AY596297,AAV45952.1
P52496,ok,X95001,CAA64457.2
Q5V467,ok,AY596297,AAV45685.1
Q08387,ok,U43491,AAC49485.1
A5UKX2,ok,CP000678,ABQ86850.1
P79023,ok,U53216,AAB48240.1
P44303,ok,L42023,AAC23197.1
P14843,ok,X13514,CAA31865.1
Q54CR9,ok,AAFI02000196,EAL61054.1
P46245,ok,U11066,AAC43604.1
P16687,ok,J05260,AAA24347.1
Q9C1W9,efetch_failed,CU329671,CAC22607.1
Q52986,ok,M96263,AAA26352.1
Q9WYH8,ok,AE000512,AAD35429.1
P16679,ok,J05260,AAA24350.1
Q52984,ok,AL591985,CAC49851.1
Q55535,ok,BA000022,BAA10030.1
A5D7P0,ok,BC140630,AAI40631.1
P30310,ok,M94263,AAA49673.1
Q10038,ok,FO081082,CCD68973.1
O52787,ok,Y15162,CAA75430.1
P40997,ok,U16143,AAA64996.1
Q6C783,ok,CR382131,CAG79058.1
Q7SB53,ok,CM002238,ESA43219.1
P78587,ok,D83180,BAA11833.1
P16685,ok,J05260,AAA24344.1
Q6BT58,ok,CR382136,CAG86747.2
A4XCT1,ok,CP000667,ABP56738.1
Q9A3H7,ok,AE005673,AAK25189.1
Q3KH95,ok,CP000094,ABA72861.1
C1BA63,ok,AP011115,BAH52566.1
B0R2Q7,ok,AM774415,CAP13014.1
P77978,ok,U66004,AAB53697.2
Q8TH22,ok,AE009950,AAL80150.1
Q973E7,ok,BA000023,BAK54422.1
Q5Z2W1,efetch_failed,AP006618,BAD55230.1
A1VF73,ok,CP000527,ABM29089.1
A7I912,ok,CP000780,ABS56223.1
Q492H3,ok,CP000016,AAZ41126.1
Q6A6S8,ok,AE017283,AAT83535.1
Q6MQH6,ok,BX842647,CAE78471.1
P81942,no_embl_cds_xref,,
O15217,ok,AF050059,AAC72706.1
Q6AXY0,ok,BC079271,AAH79271.1
Q09652,ok,Z46934,CAA87039.1
P46419,ok,S75286,AAB32224.1
A1JHV9,ok,AM286415,CAL10192.1
Q8NSV0,efetch_failed,BA000036,BAB97960.1
C1DIC2,ok,CP001157,ACO76619.1
A4XPF7,ok,CP000680,ABP83223.1
Q1QXD7,ok,CP000285,ABE58871.1
B7UM69,ok,FM180568,CAS11459.1
B3QZE2,ok,CP001100,ACF13835.1
Q28W37,ok,CP000264,ABD53075.1
Q132N5,ok,CP000283,ABE40954.1
P36437,ok,L13782,AAA16321.1
B0TBM6,ok,CP000930,ABZ83865.1
Q9TZQ3,ok,BX284604,CCD62010.1
P30289,ok,M82920,AAA26809.1
P05798,no_embl_cds_xref,,
E3M3V1,ok,DS268423,EFO90587.1
Q84JL5,ok,AC012393,AAF26084.1
Q9SW48,ok,AL079347,CAB45447.1
Q10MC0,ok,DP000009,ABF95611.1
Q9FK88,ok,AB012244,BAB09123.1
F8DT27,ok,AF081588,AAA61488.1
G5EBV6,efetch_failed,BX284605,CCD65226.1
P54555,ok,D84432,BAA12624.1
A5W4Y8,ok,CP000712,ABQ79198.1
A6V271,ok,CP000744,ABR83447.1
Q5WGL6,ok,AP006627,BAD64489.1
Q5PR55,ok,BC086822,AAH86822.1
P86926,ok,AY009110,AAG27062.1
A8GES6,ok,CP000826,ABV41616.1
P32277,ok,X69459,CAA49218.1
Q8BHN7,ok,AK032226,BAC27770.1
Q10313,ok,CU329670,CAK9837959.1
A0M2G0,ok,CU207366,CAL66805.1
P38075,ok,X76078,CAA53690.1
Q5FPH2,ok,CP000009,AAW61724.1
P83589,no_embl_cds_xref,,
Q73G09,ok,AE017196,AAS14809.1
P00348,ok,AF027652,AAD20939.1
Q31IR4,ok,CP000109,ABB40959.1
Q0AVM2,ok,CP000448,ABI69232.1
P41938,ok,Z46240,CAA86312.1
P34439,ok,Z22178,CAA80153.1
A0A1S3YCW2,ok,AB110952,BAD06581.1
Q9RXR4,ok,AE000513,AAF09826.1
Q7VEG4,ok,AE017126,AAP99095.1
P29599,no_embl_cds_xref,,
Q7UTS2,ok,BX294139,CAD73363.1
P28842,ok,X62369,CAA44227.1
P00782,ok,K02496,AAB05345.1
P09230,ok,M17741,AAA35242.1
Q0DWC7,ok,AP004020,BAD22879.1
P94438,ok,D78508,BAA11400.1
P44604,ok,L42023,AAC21933.1
A8AAB6,efetch_failed,CP000816,ABU81868.1
Q5JIZ5,ok,AP006878,BAD85878.1
P71013,ok,U45883,AAB07348.1
P55183,ok,X99339,CAA67716.1
P41027,ok,Z27457,CAA81813.1
Q8H0W1,ok,AB020746,BAB02011.1
O31516,ok,AL009126,CAB12514.1
Q9I4D3,ok,AE004091,AAG04594.1
Q5M827,ok,BC088290,AAH88290.1
P57347,ok,BA000003,BAB12969.1
Q9I163,ok,AE004091,AAG05806.1
Q9I4C8,ok,AE004091,AAG04599.1
P73623,ok,BA000022,BAA17668.1
Q927E6,ok,AL596173,CAC98069.1
P0A070,efetch_failed,U65000,AAC44435.1
Q92EU3,ok,AL596164,CAC95598.1
Q9CIV7,ok,AE005176,AAK04347.1
Q92EU2,ok,AL596164,CAC95599.1
Q7S724,ok,CM002241,ESA42188.1
P76015,ok,U00096,AAC74284.2
O04147,ok,AL021711,CAA16750.1
P53314,ok,Y07703,CAA68969.1
Q0UME8,ok,CH445334,EAT85717.1
Q59PZ7,ok,CP017630,AOW31366.1
Q5BCC5,ok,AACD01000029,EAA64970.1
P43166,ok,M76423,AAA51923.1
O24855,ok,AE000511,AAD07077.1
Q16790,ok,CH471071,EAW58359.1
Q54Z25,ok,AAFI02000023,EAL68147.1
Q54K50,ok,AAFI02000103,EAL63633.1
O94255,ok,CU329671,CAA21790.2
P93844,ok,AB001919,BAA19466.1
P10901,ok,Y07497,CAA68800.1
Q9C5Y0,ok,AL031986,CAA21465.1
Q8GW72,ok,AC005851,AAC98456.1
Q5BMR2,efetch_failed,AY929154,AAX28839.1
Q9VTJ4,ok,AE014296,AAO41255.1
Q7XUR3,ok,AL606687,CAD41073.2
Q9BTY2,ok,AY358551,AAQ88915.1
Q2FSD3,ok,CP000254,ABD42309.1
D3S8C7,ok,CP001901,ADC69287.1
E3GW42,ok,CP002278,ADP77807.1
A0B870,ok,CP000477,ABK14894.1
O52354,ok,AF036708,AAB95409.1
P62050,ok,BX248360,CAE50779.1
Q7SI97,ok,LK023128,VUC57787.1
Q9K5Z8,ok,BA000004,BAB07656.1
Q4L941,ok,AP006716,BAE03834.1
F4BT36,efetch_failed,CP002565,AEB69325.1
P21439,ok,EF034088,ABJ53424.1
O95477,ok,AF275948,AAF86276.1
Q8IZY2,ok,AF311102,AAN04657.1
E9Q876,no_embl_cds_xref,,
P30007,ok,S57509,AAB19782.1
Q65199,ok,U18466,AAA65359.1
P89079,ok,S82508,AAB37504.1
Q9PKA2,ok,AE002160,AAF39402.1
O35600,ok,AF000149,AAC23916.1
B0R858,ok,AM774415,CAP14927.1
Q9VEG6,ok,AE014297,AAN13751.2
Q7QH73,ok,AAAB01008817,EAA05374.4
Q23490,ok,FO080155,CCD61675.1
Q743F4,ok,AE016958,AAS02948.1
O31465,ok,AB006424,BAA33141.1
Q13BB8,ok,CP000283,ABE38621.1
P77454,ok,U82664,AAB40239.1
Q1I8G2,ok,CT573326,CAK16066.1
Q19013,ok,Z49126,CAA88938.2
O59952,ok,AF054513,AAC08588.1
Q9QZH8,ok,AF264017,AAF74757.1
I1RFN8,ok,HG970332,CEF74827.1
Q20616,efetch_failed,Z66520,CAA91388.1
O14115,ok,CU329670,CAB11704.2
Q9FJ73,ok,AB015479,BAB08554.1
Q4PHZ2,ok,CM003140,KIS71842.1
Q9FJ78,ok,AB015479,BAB08549.1
Q9FJ72,ok,AB015479,BAB08555.1
Q3ED15,ok,AC023279,AAF79268.1
Q9FJ76,ok,AB015479,BAB08551.1
Q9L3Q5,ok,AJ271724,CAB71140.1
A0A0K3AUJ9,ok,BX284602,CCD68767.1
Q91191,ok,U27125,AAA91319.1
Q9ZUI0,ok,AC005967,AAD03374.1
Q9V3P0,ok,AE014298,AAF48253.1
Q8SS85,ok,AL590443,CAD26263.1
Q9STF0,ok,AL096859,CAB51189.1
P34208,ok,L13742,AAA79758.1
P63493,ok,LT708304,SIT99895.1
Q9TZM3,ok,FO081425,CCD71547.1
Q0KHV6,ok,AE014298,AAF46188.1
Q9URY4,ok,CU329670,CAB60011.1
P9WEP6,ok,CM000587,EWG48577.1
Q55424,ok,BA000022,BAA10524.1
P36912,ok,L06331,AAA24923.1
Q9L543,ok,AF257487,AAF69000.1
Q99Y92,ok,AF296340,AAK00850.1
B7GPC7,ok,CP001095,ACJ53522.1
A5ULG2,ok,CP000678,ABQ87040.1
P36913,ok,L06332,AAA24924.1
A4FZL8,ok,CP000609,ABO35652.1
Q12XK2,ok,CP000300,ABE51824.1
Q0W4U0,ok,AM114193,CAJ36603.1
P36911,efetch_failed,M80793,AAA24922.1
I3R7F2,ok,CP001868,AFK20162.1
I3R7F1,ok,CP001868,AFK20161.1
Q06101,ok,M95713,AAB80770.1
P54541,ok,D84432,BAA12610.1
O29730,ok,AE000782,AAB90713.1
P53003,ok,X92557,CAA63310.1
Q6MEK6,ok,BX908798,CAF22993.1
A7M907,ok,AM711639,CAM98335.1
Q3A6L1,ok,CP000142,ABA87996.1
Q0VPJ1,ok,AM286690,CAL16907.1
P43957,ok,L42023,AAC21838.1
Q823P5,ok,AE015925,AAP05110.1
B3EU20,efetch_failed,CP001102,ACE06722.1
Q57095,ok,Z37111,CAA85479.1
Q604Z9,ok,AE017282,AAU91561.1
P77580,ok,D86239,BAA13056.1
Q9ZC45,ok,AL031866,CAA21366.1
C1AVG3,ok,AP011115,BAH53653.1
A8LAA2,ok,CP000820,ABW12304.1
P11663,ok,U28377,AAA69096.1
A1TDB8,ok,CP000511,ABM15168.1
B1MJT8,ok,CU458896,CAM64445.1
Q4QAU9,ok,FR796420,CAJ04118.1
E9AE57,ok,FR796425,CBZ12536.1
Q04718,ok,L05611,AAA72317.1
P41606,ok,D17510,BAA04325.1
Q0SS74,ok,CP000312,ABG86929.1
P69242,ok,AB084950,BAC22693.1
P04051,ok,X03129,CAA26905.1
P0A1T4,ok,AJ224978,CAB37411.1
A1KCL2,ok,AM406670,CAL96568.1
B3QSU1,ok,CP001100,ACF12584.1
B5YH69,ok,CP001147,ACI21915.1
A8LSF1,ok,CP000830,ABV92765.1
Q9EWW6,ok,AL939110,CAC12933.1
Q1IW70,ok,CP000359,ABF46514.1
P22197,ok,X53058,CAA37226.1
Q9GP32,ok,AJ292376,CAC18550.1
P0A991,ok,U73760,AAB18249.1
Q9SJU4,ok,AC006841,AAD23681.2
Q7MQ88,ok,BA000037,BAC92884.1
Q0K6Y1,ok,AM260479,CAJ94240.1
Q0VTA8,ok,AM286690,CAL15612.1
Q8ZJ20,ok,AL590842,CAL18995.1
A1T086,ok,CP000510,ABM05151.1
Q99638,ok,AY766122,AAU89725.1
A5IW31,efetch_failed,CP000703,ABQ50404.1
Q91XB0,ok,AF151106,AAD48775.2
Q9BG99,ok,AF319575,AAK07622.1
G5EC44,ok,BX284603,CAB63359.2
P14746,ok,X17663,CAA35660.1
O74339,ok,CU329671,CAA20110.3
P53230,ok,DQ115391,AAZ22461.1
Q550P4,ok,AAFI02000019,EAL69026.1
Q3B7H2,ok,BC107608,AAI07609.1
P29240,ok,X62278,CAA44168.1
Q8INF2,ok,AE014297,AAN13621.1
O83142,ok,AE000520,AAC26552.1
P44569,ok,L42023,AAC21874.1
Q91YE9,ok,AJ295253,CAC44364.1
Q9I767,ok,AE004091,AAG03455.1
P54665,ok,X74598,CAA52676.1
P97377,ok,AJ223733,CAA11534.1
Q09437,ok,BX284602,CCD61471.1
P36615,ok,S59896,AAB26194.1
O35831,ok,AB005540,BAA22332.1
Q1LTP2,ok,CP000238,ABF13903.1
Q1D9W9,ok,CP000113,ABF92185.1
Q9JS33,ok,AE002098,AAF62325.1
B5EQW2,ok,CP001132,ACH84913.1
Q8KQT8,ok,AY056057,AAL05935.1
O05755,ok,Z95151,CAB08428.1
Q58988,ok,L77117,AAB99611.1
O26271,ok,AE000666,AAB84675.1
Q9X0X1,ok,AE000512,AAD36319.1
O28338,ok,AE000782,AAB89310.1
Q57877,ok,L77117,AAB98423.1
A0A0B0QJN8,ok,JSDP01000312,KHG38970.1
P20605,ok,M28363,AAA23773.1
Q6G2A9,ok,BX897699,CAF28110.1
Q87P32,ok,BA000031,BAC59949.1
P66774,ok,LT708304,SIT98448.1
O34635,ok,Y13937,CAA74258.1
P30744,ok,U29581,AAB40447.1
P56072,ok,AE000511,AAD07202.1
Q9UT61,ok,CU329670,CAB58728.1
O86564,ok,AL939123,CAA20172.1
O09159,ok,AF044192,AAC78560.1
P94078,ok,X98130,CAA66821.1
Q54YF7,ok,AAFI02000023,EAL68302.1
Q8LPJ3,ok,AB005230,BAB11126.1
A4SV64,ok,CP000655,ABP33378.1
C1D7C0,ok,CP001154,ACO74360.1
A1K973,ok,AM406670,CAL95378.1
Q9SRQ7,ok,AC009895,AAF01582.1
C1DHY3,ok,CP001157,ACO80716.1
P59026,ok,AF525415,AAM88377.1
P33378,ok,M82881,AAA25270.1
Q12FJ1,ok,CP000316,ABE42701.1
P0C216,ok,X17300,CAA35186.1
P09598,ok,X64141,CAA45502.1
Q04663,ok,AF163833,AAB00363.1
P42681,ok,U34379,AAB60412.1
Q03526,ok,L00619,AAA39337.1
Q8U1L4,ok,AB214633,BAE19947.1
A8DZJ1,ok,AM084226,CAJ29032.1
P9WMK7,ok,AL123456,CCP45791.1
Q94IC4,ok,AB062754,BAB60683.1
Q26061,ok,X90566,CAA62186.1
P49944,ok,U19760,AAC43322.1
Q504Y2,efetch_failed,CH471053,EAX00325.1
A0PYW1,ok,CP000382,ABK60881.1
Q5WHY0,ok,AP006627,BAD64025.1
Q8REG1,ok,AE009951,AAL95339.1
A6LHV2,ok,CP000140,ABR45266.1
A2RDX6,ok,AM295007,CAM30051.1
Q0STU4,ok,CP000312,ABG85336.1
A5I7X1,ok,CP000727,ABS36411.1
Q4ZWR7,ok,CP000075,AAY36405.1
Q9RXT9,ok,AE000513,AAF09800.1
B0U238,ok,CP000941,ACA11372.1
Q10215,ok,CU329670,CAA93346.2
P91247,ok,FO081119,CCD69260.1
P71121,ok,BA000036,BAB98094.1
Q08742,ok,Z75194,CAA99513.1
P26405,ok,X56793,CAA40129.1
Q98MC5,efetch_failed,BA000012,BAB48188.1
P37755,ok,L27646,AAA21138.1
P47723,ok,L13289,AAA25434.1
P47299,ok,L43967,AAC71269.1
D2S1F7,ok,CP001861,ADB63204.1
Q97UH6,ok,AE006641,AAK43143.1
Q9HS17,ok,AE004437,AAG18991.1
Q0W5A6,ok,AM114193,CAJ36437.1
Q06951,efetch_failed,X59554,CAA42135.1
Q7LYI9,ok,AE006641,AAK43106.1
P0DN22,no_embl_cds_xref,,
P0DN21,ok,KR703620,AKO62592.1
R1F493,ok,KB864391,EOD33735.1
R1ERP2,ok,KB865269,EOD25646.1
P25265,ok,X55141,CAA38941.1
P31033,no_embl_cds_xref,,
P0DN23,ok,KR703621,AKO62593.1
P25283,ok,D90363,BAA14378.1
P0AED9,ok,X13330,CAA31705.1
Q67472,ok,U15575,AAA86959.1
Q8RX28,ok,AB006696,BAB10369.1
Q8H0W2,ok,AL138652,CAB72470.1
Q94EJ2,ok,AC006932,AAF22892.1
Q5A960,ok,CP017630,AOW30956.1
Q5JJ82,ok,AP006878,BAD86003.1
O28275,ok,AE000782,AAB89250.1
Q3IT46,ok,CR936257,CAI48688.1
Q8GXJ1,efetch_failed,AB026658,BAB01118.1
E9FCP7,ok,ADNJ02000010,EFY94503.2
C7FF04,ok,GU936494,ADE67053.1
B0R349,ok,AM774415,CAP13159.1
P55022,ok,X95705,CAA65005.1
P33180,ok,X69526,CAA49273.1
O34349,ok,AF015775,AAB72067.1
C7FF05,ok,GU936493,ADE67052.1
A0A2K3DU55,ok,CM008965,PNW84070.1
P38812,ok,U00059,AAB68862.1
Q9LXR9,ok,AL353032,CAB88300.1
P0AD42,ok,X72336,CAA51063.1
Q1ZXF1,ok,AAFI02000073,EAS66856.1
Q92396,efetch_failed,U66807,AAB07484.1
P76082,ok,X97452,CAA66095.1
G4V4T7,ok,HE589771,CCD33162.1
Q52995,ok,L39265,AAA91095.1
P26281,ok,L06495,AAB53446.1
P71512,ok,U72662,AAB58893.1
O66550,ok,AE000657,AAC06507.1
Q6NL24,efetch_failed,Z97340,CAB10400.1
Q9HV71,ok,AE004091,AAG08114.1
P64144,ok,LT708304,SIU02264.1
A1A6M1,ok,AL035528,CAB36831.1
Q6UXH1,ok,CH471138,EAW73483.1
Q8GSJ6,ok,AC006434,AAF87111.1
Q93YN0,ok,CP002686,AEE76210.1
B2THT3,ok,CP001056,ACD24274.1
Q19267,ok,BX284604,CAA98055.1
Q5WEL9,ok,AP006627,BAD65191.1
P59574,ok,AE016826,AAO27207.1
P57887,ok,AE004439,AAK03001.1
Q888B8,ok,AE016853,AAO54641.1
O07641,ok,AF003336,AAB61408.1
Q2FUB7,ok,CP000254,ABD40545.1
P08625,ok,X07500,CAA30381.1
Q0RDN6,ok,CT573213,CAJ64430.1
Q985C8,ok,BA000012,BAB54134.1
O26739,ok,AE000666,AAB85148.1
Q6L2I0,ok,AE017261,AAT42822.1
A1S579,ok,CP000507,ABL99535.1
Q89JL8,ok,BA000040,BAC50530.1
P23659,ok,X55299,CAA39010.1
C6BX34,efetch_failed,CP001649,ACS78514.1
P23665,ok,M58520,AAA24894.1
P22699,ok,M33861,AAA52077.1
A0A4P8PKE4,ok,MK095629,QCQ84226.1
P97687,ok,U81295,AAC53195.1
P40009,ok,AF203695,AAF17573.1
O75355,ok,CH471055,EAW64600.1
Q8K0L2,ok,AY364442,AAQ84519.1
Q9USP2,ok,CU329672,CAB57847.1
Q5BEI9,efetch_failed,BN001308,CBF88276.1
P39010,ok,L31407,AAC41676.1
Q6FJ70,ok,CR380959,CAG62700.1
Q875M2,ok,AY145047,AAO32609.1
Q5AL27,ok,CP017623,AOW26929.1
Q3UMC0,efetch_failed,AL669927,CAM21041.1
Q0VA52,ok,BC121246,AAI21247.1
Q6FMP5,ok,CR380957,CAG61460.1
A7YSY2,ok,BC114696,AAI14697.1
Q21222,ok,BX284601,CAB00040.1
P32794,ok,U19729,AAB82355.1
Q9NXE4,ok,AC018804,AAY14883.1
Q6UWV6,ok,AY230663,AAP69661.1
Q9UAY4,ok,FO081096,CCD69084.1
Q6QGE7,ok,AY303686,AAP75892.1
P0A935,ok,U32224,AAC45723.1
Q10916,ok,FO080139,CCD61537.1
Q89AM2,ok,AE016826,AAO26972.1
Q6PFJ7,efetch_failed,BC057525,AAH57525.1
Q8K9A7,ok,AE013218,AAM67985.1
P41052,ok,U18785,AAB60060.1
Q9C168,ok,AY027545,AAK15808.2
Q59337,ok,D63898,BAA09937.1
Q9XZD5,ok,AF161267,AAD45528.2
Q9C169,ok,AY027544,AAK15807.1
Q9I1W8,ok,AE004091,AAG05535.1
B2U981,ok,CP001068,ACD26078.1
B4RCU4,ok,CP000747,ACG78281.1
A3PGF8,ok,CP000577,ABN75424.1
P56118,ok,AE000511,AAD07725.1
P43869,ok,L42023,AAC21972.1
Q1D5X9,ok,CP000113,ABF91367.1
P0A9L8,ok,J01665,AAA86433.1
P54893,ok,D25413,BAA05001.1
Q12740,ok,U33266,AAC49320.1
Q9CPE8,ok,AE004439,AAK02179.1
Q1AW87,ok,CP000386,ABG04341.1
Q67PG0,ok,AP006840,BAD40433.1
Q2G5S1,ok,CP000248,ABD26802.1
Q7NF35,ok,BA000045,BAC91633.1
C5DZU3,ok,CU928179,CAR29377.1
Q15TZ6,ok,CP000388,ABG40642.1
A5DL79,ok,CH408159,EDK39932.2
Q0U2R3,ok,CH445353,EAT78557.2
A8PRN6,ok,AAYY01000001,EDP45104.1
A5DS78,ok,CH981524,EDK42036.1
Q8EEA3,ok,AE014299,AAN55515.1
Q9CMR5,ok,AE004439,AAK02831.1
Q8DG35,ok,AE016795,AAO08557.2
P87242,ok,CU329672,CAB09764.1
Q1LUI2,ok,BX936317,CAK04454.1
Q28FE0,ok,CR762015,CAJ81971.1
Q6C195,ok,CR382132,CAG78376.1
Q5U3W0,ok,BC085372,AAH85372.1
Q6BRU4,ok,CR382136,CAG87244.1
P36982,ok,L15559,AAA02864.1
A0KWB6,ok,CP000469,ABK48085.1
Q93YS2,ok,AL138648,CAB86435.1
Q2G469,ok,CP000248,ABD27354.1
Q75AK8,ok,AE016817,AAS51839.1
Q8EBF9,ok,AE014299,AAN56550.2
Q9RH04,ok,AF088897,AAF18282.1
Q0VSY7,ok,AM286690,CAL15711.1
Q72RD4,ok,AE016823,AAS70400.1
B8D7U0,ok,CP001158,ACL30205.1
Q6HCY5,ok,AE017355,AAT63659.1
Q5WCF2,ok,AP006627,BAD65958.1
C1DJH1,ok,CP001157,ACO76756.1
A0AFT8,ok,AM263198,CAK19870.1
A0A0H2XEA6,ok,CP000050,AAY51280.1
B6YRK7,ok,AP010656,BAG83829.1
B2AHE3,ok,CU633749,CAP63192.1
P38049,ok,L10630,AAA71941.1
Q11TT6,ok,CP000383,ABG59178.1
A6GYJ4,ok,AM398681,CAL43167.1
Q9A1K3,ok,AE004092,AAK33314.1
A4XB58,ok,CP000667,ABP56157.1
Q9WZJ0,ok,AE000512,AAD35833.1
O24926,ok,AE000511,AAD07168.1
Q9REF4,ok,AJ132928,CAB63092.1
P44068,ok,L42023,AAC22546.1
Q885J3,ok,AE016853,AAO55358.1
Q3Z8V0,ok,CP000027,AAW40085.1
Q494E6,ok,CP000016,AAZ40872.1
Q983B0,ok,BA000012,BAB54296.1
P26239,ok,Z11165,CAA77538.1
Q9SJE1,ok,AC006932,AAF22895.1
Q2W4S6,ok,AP007255,BAE51149.1
O22436,ok,AF014053,AAB97153.1
O07345,ok,AB003135,BAA20346.1
Q93SW0,ok,AY005135,AAG12406.1
P07902,ok,M96264,AAA74450.1
P13212,ok,M18953,AAA26746.1
P09580,ok,X07039,CAA30091.1
O33836,ok,AJ001072,CAA04515.1
Q9VMA2,ok,AE014134,AAF52419.2
P26990,ok,X03682,CAA27317.1
Q2KI07,ok,BC112814,AAI12815.1
Q9H628,ok,CH471094,EAW96385.1
Q6ZEM6,ok,AP004310,BAD01874.1
Q94231,ok,FO080446,CCD63776.1
P08692,ok,J02591,AAA21096.1
P0CF87,ok,U36840,AAA79806.1
Q96361,efetch_failed,U38470,AAB17725.1
P44589,ok,L42023,AAC21906.1
Q336M7,ok,AC018727,AAG46175.1
Q7F1X5,ok,AP003791,BAB90527.1
A0A2H5AIY4,ok,MF416094,AUG71939.1
Q8RU95,ok,AP003313,BAB89961.1
Q10S72,ok,DP000009,ABF93822.1
P63621,efetch_failed,AL157959,CAM07558.1
P53598,ok,X94335,CAA64059.1
O28098,ok,AE000782,AAB89067.1
Q58643,ok,L77117,AAB99250.1
O26663,ok,AE000666,AAB85069.1
O67547,ok,AE000657,AAC07509.1
A1CND4,ok,DS027059,EAW07155.1
P45704,ok,U15984,AAA50863.1
Q9ZFM2,ok,DQ868502,ABI49941.1
A1CCL9,ok,DS027050,EAW12276.1
P11559,ok,X07793,CAA30633.1
Q58252,ok,L77117,AAB98847.1
P11560,ok,X07794,CAA30635.1
Q2TYT2,efetch_failed,BA000056,BAE65591.1
P07955,ok,Y00158,CAA68353.1
B3EEJ7,ok,CP001097,ACD90807.1
P12971,ok,J03375,AAA72197.1
P30770,ok,Z14314,CAA78670.1
Q30YP7,ok,CP000112,ABB39199.1
Q0T1X7,ok,CP000266,ABF04688.1
A1VEI5,ok,CP000527,ABM28851.1
Q7N4V5,ok,BX571866,CAE14502.1
P37337,ok,M86348,AAB63429.1
X5CY81,ok,KJ020540,AHW42445.1
Q51973,ok,U24215,AAB62284.1
A9BJ15,efetch_failed,CP000879,ABX32503.1
A5FSN4,ok,CP000688,ABQ16754.1
C0ZXQ0,ok,AP008957,BAH33135.1
A9WH99,ok,CP000909,ABY35611.1
B0CAI3,ok,CP000828,ABW29049.1
B0JMT8,ok,AP009552,BAG00102.1
B8HVB6,ok,CP001344,ACL44568.1
A4QDU2,efetch_failed,AP009044,BAF54389.1
B2S0W8,ok,CP000048,AAX17124.1
O05278,ok,U77617,AAB51345.1
Q1J2C9,ok,CP000359,ABF44355.1
B9L5W5,ok,CP001279,ACM93262.1
B5FAX9,ok,CP001139,ACH65762.1
A8F8T5,ok,CP000812,ABV34569.1
P23904,ok,X55959,CAA39426.1
P45798,ok,U04836,AAA60459.1
Q9FDL4,ok,AF212041,AAG02155.1
P37073,ok,M84339,AAA22265.1
Q15R61,efetch_failed,CP000388,ABG41627.1
O14412,ok,U63813,AAD04192.1
P14892,ok,X13524,CAA31877.1
P17989,ok,M33676,AAA24896.1
P82974,ok,Z14002,CAA78390.2
O05213,ok,AB002150,BAA19500.1
P44624,ok,L42023,AAC21965.1
A0Q1A0,ok,CP000382,ABK60589.1
Q2YVT4,ok,AJ938182,CAI80102.1
B9LS20,ok,CP001365,ACM57894.1
B6ER81,ok,FM178380,CAQ81211.1
Q8K937,ok,AE013218,AAM68064.1
C4L2Y4,ok,CP001615,ACQ71258.1
P18798,ok,M90050,AAB62393.2
P27354,ok,X55394,CAA39069.1
Q53563,ok,S81887,AAB21393.1
P39104,ok,X76058,CAA53658.1
P22869,ok,M90050,AAB62392.3
E9Q3L2,ok,BC049252,AAH49252.1
Q8SQY7,ok,AL590450,CAD25955.2
Q49GP3,ok,AY929293,AAY16568.1
Q9UW20,ok,AF167163,AAD51410.1
P80653,ok,AF042381,AAC38331.1
O32864,ok,Y14428,CAA74768.1
P22868,efetch_failed,M90050,AAB62391.2
P80651,ok,AF042381,AAC38330.1
Q9KJX5,ok,AF157621,AAF80345.1
Q58261,ok,L77117,AAB98856.1
Q6LWZ3,ok,BX950229,CAF31117.1
A1YYW7,ok,EF143994,ABL96598.1
K4LAH1,ok,EF616488,ABU39826.1
Q05205,ok,X56656,CAA39978.1
Q97K22,ok,AE001437,AAK79073.1
Q7VM70,ok,AE017143,AAP95990.1
Q8D308,ok,BA000021,BAC24339.1
Q4JW20,ok,CR931997,CAI36987.1
Q65G95,ok,AE017333,AAU41919.1
P19595,ok,U20345,AAB71613.1
P38709,ok,U11582,AAB65065.1
P35482,efetch_failed,AF047381,AAC04870.1
Q16851,ok,U27460,AAB05640.1
P08800,ok,Y00145,CAA68340.1
Q19821,ok,BX284603,CCD65751.1
P44783,ok,L42023,AAC22277.1
Q9H300,ok,AF197937,AAG28519.1
P53259,ok,Z72886,CAA97104.1
P60809,ok,BX842652,CAE80307.1
Q59KI0,efetch_failed,CP017630,AOW31202.1
Q2NQH3,ok,AP008232,BAE75602.1
O13629,ok,AB004537,BAA21417.1
Q9Y9E6,ok,BA000002,BAA81354.1
Q9HKT1,ok,AL445064,CAC11654.1
Q9ZBM2,ok,AL035159,CAA22696.1
Q58609,ok,L77117,AAB99214.1
F4HXY7,ok,AC007591,AAD39639.1
P75394,ok,U00089,AAB96097.1
O94584,ok,CU329672,CAA21446.2
P34763,ok,L25118,AAA17549.1
Q6C7G2,ok,CR382131,CAG78979.1
Q553B6,ok,AAFI02000013,EAL69682.2
Q8ILW6,ok,LN999946,CZT99838.1
Q75EK2,ok,AE016814,AAS50442.1
Q5WLY2,ok,AP006627,BAD62593.1
Q9Z8R5,ok,AE001363,AAD18422.1
P39823,efetch_failed,D38022,BAA07225.1
A5EXE3,ok,CP000513,ABQ14104.1
O84191,ok,AE001273,AAC67780.1
Q00393,ok,X61201,CAA43498.1
P19499,ok,J02914,AAA72190.1
Q60341,ok,L77117,AAB98011.1
P80490,ok,Y13763,CAA74093.1
P80491,ok,Y13763,CAA74092.1
O35025,ok,AB007637,BAA22753.1
C5BU64,efetch_failed,CP001614,ACR12683.1
Q50973,ok,U42459,AAB03207.2
P50191,ok,X85374,CAA59692.1
P50183,ok,U06074,AAA53238.1
P11405,ok,X14191,CAA32394.1
Q8GXT2,ok,AC004521,AAC16093.1
B8MXP5,ok,EQ963472,EED57137.1
Q7EXZ4,ok,AP005816,BAD10672.1
O64882,ok,AC004521,AAC16094.1
O32231,ok,AL009126,CAB15366.1
Q9CH00,ok,AE005176,AAK05040.1
A5UFG3,ok,CP000672,ABQ99518.1
Q9WZI1,ok,AE000512,AAD35804.1
A1SWZ6,ok,CP000510,ABM04011.1
P08432,ok,J02777,AAA34829.1
P00860,ok,X07392,CAA30301.1
B3H5Q1,efetch_failed,AC009525,AAF02882.1
Q8S3N2,ok,AF480882,AAL87201.1
P27121,ok,M68970,AAA33605.1
P27116,ok,M81192,AAA29259.1
Q0APM5,ok,CP000449,ABI65762.1
Q1IY56,ok,CP000359,ABF45828.1
Q1GTB8,ok,CP000356,ABF53104.1
Q2S2F5,ok,CP000159,ABC46272.1
Q5M8L0,ok,BC087978,AAH87978.1
Q08930,ok,Z73547,CAA97904.1
Q8GWE1,ok,Z97343,CAB10531.1
A9IU29,efetch_failed,AM902716,CAP43492.1
A8XDJ2,ok,HE600985,CAP30711.1
Q6GQQ9,ok,AL590487,CAI12651.1
Q11T17,ok,CP000383,ABG59446.1
B5YFL3,ok,CP001146,ACI18395.1
Q0VRJ9,ok,AM286690,CAL16199.1
Q5FQC6,ok,CP000009,AAW61420.1
O30444,ok,AF006000,AAC46263.1
Q67LD9,ok,AP006840,BAD41507.1
C0ZZ46,ok,AP008957,BAH33631.1
Q8FQQ3,ok,BA000035,BAC17876.1
A1KRR2,ok,AM421808,CAM09541.1
Q9XBL1,ok,AE017194,AAS39089.1
P57098,ok,AL157959,CAM08628.1
P42100,ok,AB005554,BAA21580.1
Q9VQC4,ok,AE014134,AAF51252.1
P77364,ok,U89279,AAB93855.1
Q54TC9,ok,AAFI02000043,EAL66470.1
Q1HRV8,ok,CH477478,EAT40247.1
Q53WG6,efetch_failed,AP008227,BAD71991.1
P49191,ok,FO080386,CCD63356.1
Q555E8,ok,AAFI02000012,EAL70227.1
Q54CJ4,ok,AAFI02000197,EAL60997.1
E9DFH0,ok,GL636503,EFW14827.1
B2UQG6,ok,CP001071,ACD04701.1
Q04786,ok,L04544,AAA27527.1
Q8WSF3,ok,AE013599,AAM68691.2
Q12036,ok,Y16253,CAA76138.1
B2UP57,ok,CP001071,ACD05828.1
Q9ZB79,ok,L43967,AAC71438.1
A1YCA5,ok,DQ904035,ABI83656.1
P29035,ok,D10663,BAA01514.1
B1AJ32,ok,CP000942,ACA33270.1
P20126,ok,J04374,AAA43039.1
Q0DXS3,ok,AP008208,BAF09965.1
A4PBP6,ok,AB254451,BAF49639.1
O33336,efetch_failed,AL123456,CCP45593.1
P00585,ok,V00642,CAA23991.1
P57487,ok,BA000003,BAB13110.1
Q9I733,ok,AE004091,AAG03489.1
P25736,ok,X65169,CAA46287.1
Q89AD7,ok,AE016826,AAO27086.1
P26295,ok,X17241,CAA35106.1
Q9LNE4,ok,AC024174,AAF80125.1
P26420,ok,X61004,CAA43322.1
P22824,ok,M76768,AAA27556.1
P40713,ok,X81461,CAA57218.2
P27696,ok,M73842,AAA25079.1
Q7U5G1,ok,BX569693,CAE08261.1
P08142,ok,X02541,CAA26387.1
Q89AP7,ok,AE016826,AAO26940.1
Q0J8G4,efetch_failed,AP004566,BAD09515.1
P42463,ok,L09232,AAA62429.1
Q9X0Y2,ok,AE000512,AAD36330.1
Q82DR2,ok,BA000030,BAC72619.1
P14909,ok,X16505,CAA34514.1
O58489,ok,BA000001,BAA29863.1
P85101,no_embl_cds_xref,,
O69689,ok,AL123456,CCP46548.1
P84786,no_embl_cds_xref,,
P10297,ok,X55383,CAA39054.1
P22244,ok,M62905,AAA32950.1
Q5F0I3,ok,AY075115,AAL82822.2
P32791,ok,M86908,AAA34608.1
O94727,ok,CU329671,CAA17033.1
Q12473,ok,Z47973,CAA88006.1
Q5A446,ok,CP017626,AOW29307.1
P00365,ok,S66039,AAB28355.1
P27346,ok,M65250,AAA62756.1
E1V4J5,ok,FN869568,CBV42933.1
P50735,ok,L47648,AAC83953.1
P33327,ok,S66436,AAB20327.1
Q08908,efetch_failed,Z75292,CAA99716.1
O28949,ok,AE000782,AAB89925.1
Q2FL30,ok,CP000254,ABD41319.1
A8AC69,ok,CP000816,ABU82521.1
Q5V1K0,ok,AY596297,AAV46602.1
Q8BMZ5,ok,AK003757,BAC25051.1
B6YXU4,ok,CP000855,ACJ16907.1
B0R7C0,ok,AM774415,CAP14639.1
Q3IU70,ok,CR936257,CAI48313.1
Q12X51,ok,CP000300,ABE51975.1
Q4L750,ok,AP006716,BAE04525.1
O26805,efetch_failed,AE000666,AAB85214.1
Q6LX40,ok,BX950229,CAF31069.1
P63478,ok,BA000017,BAB57601.1
Q5YP02,ok,AP006618,BAD60089.1
Q9AIK2,ok,AF269148,AAK38118.1
Q54VL5,ok,AAFI02000035,EAL67360.1
Q92VC1,ok,AL591985,CAC49187.1
Q6LPX9,ok,CR378670,CAG20647.1
P18407,ok,J02927,AAA33556.1
Q9KM72,ok,AE003853,AAF96419.1
P17556,efetch_failed,M33298,AAA22210.1
P69808,ok,U00096,AAC75446.1
P44714,ok,L42023,AAC22105.1
P75039,ok,U00089,AAB95725.1
A6Q826,ok,AP009179,BAF71635.1
P69816,ok,U00006,AAC43056.1
Q043A6,ok,CP000413,ABJ60466.1
Q1QA56,ok,CP000323,ABE75447.1
B0RZ30,ok,AM920689,CAP53716.1
Q1WTX2,ok,CP000233,ABD99640.1
A8Z5R9,ok,CP000770,ABS30470.1
Q9ZEZ5,ok,AJ006877,CAA07298.1
B5ENJ2,ok,CP001132,ACH83026.1
P53961,ok,Z71314,CAA95905.1
Q3IJS5,ok,CR954246,CAI87927.1
Q04082,ok,U33007,AAB64854.1
P30126,efetch_failed,U00096,AAC73182.1
O64792,ok,AC004255,AAC13913.1
Q756D4,ok,AE016818,AAS53013.1
Q057N9,ok,CP000263,ABJ90660.1
Q1LTT4,ok,CP000238,ABF13817.1
Q8D2T0,ok,BA000021,BAC24420.1
A2C2B2,ok,CP000553,ABM75622.1
Q9Z520,ok,AL939110,CAB38135.1
Q00598,ok,X66372,CAA47015.1
Q9S9P8,ok,AC009917,AAF19753.1
P21890,ok,X72394,CAA51088.1
Q44532,ok,L36319,AAA83029.1
P32363,efetch_failed,X63290,CAA44924.1
P20805,ok,M58415,AAA62803.1
Q93RE3,ok,AB049339,BAB61060.1
Q6FMT6,ok,CR380957,CAG61419.1
Q04831,ok,M96798,AAA02583.1
Q46856,ok,U28377,AAA69178.1
Q09179,ok,CU329670,CAB11660.1
Q24857,ok,Z48752,CAA88639.1
P27250,ok,M96355,AAA72122.1
P25377,ok,X59720,CAA42237.1
P75691,ok,U73857,AAB18051.1
Q941Z0,ok,AP003683,BAB64708.1
Q42688,efetch_failed,U46207,AAB01817.1
P9WHH7,ok,AL123456,CCP46122.1
Q9LK88,ok,AP000371,BAB02535.1
Q8CHK7,ok,AB055403,BAC53985.1
Q02BT1,ok,CP000473,ABJ81485.1
Q941Y8,ok,AP003683,BAB64710.1
A7Z4X0,ok,CP000560,ABS74046.1
Q5SKS4,ok,AP008226,BAD70392.1
P40134,ok,L42023,AAC22262.1
A9KET6,ok,CP000733,ABS77967.2
O69199,ok,AJ223730,CAA11532.1
Q59119,ok,X95881,CAA65130.1
Q65JE7,ok,CP000002,AAU23458.1
J7QLC0,ok,Y00545,CAA68613.1
Q8PU59,ok,AF228525,AAF65735.1
Q05766,ok,M68901,AAA25532.1
F1SVE0,ok,AF228525,AAF65738.1
Q8PU60,ok,AF228525,AAF65736.1
F1SVE4,ok,AF228525,AAF65734.1
F1SVE1,ok,AF228525,AAF65742.1
Q7N8S4,ok,BX571861,CAE12939.1
A6VMR4,ok,CP000746,ABR74261.1
Q9JW21,ok,AL157959,CAM07850.1
Q8XZZ5,ok,AL646052,CAD14952.1
B4HEM4,ok,CH480815,EDW42181.1
B0G0Y8,ok,AY162269,AAN78319.1
Q28263,ok,Z68340,CAA92763.1
P04972,ok,X04823,CAA28507.1
Q7VLN8,efetch_failed,AE017143,AAP96197.1
B4G4E5,ok,CH479179,EDW24493.1
A9A215,ok,CP000866,ABX12428.1
B9LQ94,ok,CP001365,ACM57515.1
A0RUP0,ok,DP000238,ABK77057.1
E1QUT8,ok,CP002100,ADN49941.1
Q6LTX5,ok,CR378665,CAG19250.1
D9PZU4,ok,CP001742,ADL18582.1
Q8DF91,ok,AE016795,AAO08857.1
D4AV38,ok,ABSU01000012,EFE32960.1
C6DCX9,ok,CP001657,ACT14304.1
A5FC71,ok,CP000685,ABQ07199.1
Q7N9Y1,ok,BX571859,CAE12465.1
L0TC47,ok,AL123456,CCP46018.1
Q8UA46,ok,AE007870,AAK89868.1
B4RXT2,ok,CP001103,AEA97917.1
Q987X5,ok,BA000012,BAB53075.1
A2BPX4,ok,CP000551,ABM69835.1
Q7VD93,ok,AE017126,AAP99535.1
B5ZTF5,ok,CP001191,ACI56991.1
Q9KEZ3,ok,BA000004,BAB04425.1
O74716,ok,Y16969,CAA76570.1
A1TND7,ok,CP000512,ABM32475.1
O43097,ok,U35436,AAB94633.1
Q12562,ok,AF011782,AAC39487.1
E7EF85,ok,HQ680966,ADV31286.1
Q12667,ok,X91858,CAA62969.1
Q839J7,ok,AE016830,AAO80042.1
Q9BZ23,ok,EU595875,ACD11492.1
A7IHN7,ok,CP000781,ABS67530.1
E3WPP8,ok,ADMH02002104,ETN59038.1
A2RK41,ok,AM406671,CAL97651.1
Q1D9X8,ok,CP000113,ABF92345.1
Q9V0Q0,ok,AJ248285,CAB49653.1
C5XX79,ok,CM000763,EES05392.1
E3KWE1,ok,DS178315,EFP88616.2
Q2P9F7,ok,AP008229,BAE66820.1
Q31IB6,ok,CP000109,ABB41107.1
Q6BXN1,ok,CR382134,CAG85024.1
Q8IRE4,efetch_failed,AE014296,AAN11538.2
Q13S07,ok,CP000271,ABE33132.1
Q6CCT1,ok,CR382129,CAG81834.1
Q60316,no_embl_cds_xref,,
Q9S7E4,ok,AL391149,CAC01877.1
Q08911,ok,Z75296,CAA99720.1
O13437,ok,X81129,CAA57036.1
Q5ADX5,ok,AF133529,AAF69030.1
Q07103,ok,L13964,AAA99900.1
P0CO64,ok,AE017343,AAW42167.2
Q1MTD3,ok,AL928820,CAK03687.1
Q9VJQ4,ok,AE014134,AAF53430.2
Q5UXX4,ok,AY596297,AAV47879.1
P0CW66,ok,AF009824,AAB87410.1
O27585,ok,AE000666,AAB86016.1
Q16AV0,ok,CP000362,ABG30893.1
Q565D8,ok,D38168,BAD95484.1
Q4WN42,efetch_failed,AAHF01000006,EAL88622.1
Q33DL3,ok,AB213651,BAE48085.1
P57677,ok,AL445066,CAC12288.1
Q9FKW3,ok,AB011474,BAB10427.1
Q53B74,ok,AY595415,AAT94360.1
P41089,ok,U03433,AAA50174.1
P31702,ok,L02214,AAA24832.1
P74857,ok,Y09357,CAA70537.1
P55717,ok,U00090,AAB91948.1
Q7VSX3,ok,BX640422,CAE44051.1
F1QB30,ok,BC057411,AAH57411.1
Q9CA86,ok,AC010793,AAF68113.1
Q99155,ok,U43081,AAC49423.1
Q00512,efetch_failed,X62666,CAA44533.1
Q75JQ3,ok,AAFI02000008,EAL71269.1
Q4A8Q3,ok,AE017244,AAZ53486.1
P72830,ok,BA000022,BAA16845.1
Q6KHX0,ok,AE017308,AAT27806.1
Q180P4,ok,AM180355,CAJ70298.1
Q7VRK9,ok,BX248583,CAD83277.1
A2SR62,ok,CP000559,ABN06818.1
Q01964,efetch_failed,X96945,CAA65646.1
Q60326,ok,L77117,AAB97991.1
Q9RSA0,ok,AE000513,AAF11775.1
Q8BI06,ok,AY007814,AAG41061.1
P26831,ok,M81878,AAA23259.1
A3KPQ7,ok,BX294191,CAM56649.1
Q79FW5,ok,AL123456,CCP43500.1
P15316,ok,M19348,AAA98101.1
Q54699,ok,U28144,AAA86895.1
P40454,ok,Z38059,CAA86125.1
A8AC98,efetch_failed,CP000816,ABU82550.1
O74942,ok,CU329672,CAA19257.1
Q21MS8,ok,CP000282,ABD80001.1
Q5WZN0,ok,CR628337,CAH14582.1
P0ABN1,ok,K00127,AAA24394.1
Q9PF40,ok,AE003849,AAF83648.1
Q9HY23,ok,AE004091,AAG06991.1
P44424,ok,L42023,AAC21997.1
Q55143,ok,BA000022,BAA10279.1
Q6NNF2,ok,AE013599,AAF47038.3
P27815,ok,AF069491,AAC35012.1
Q08499,ok,L20970,AAA03592.1
Q22000,ok,FO081170,CCD69643.1
P29945,efetch_failed,M62868,AAA25789.1
Q50LE9,ok,AB186138,BAD97819.1
Q52671,ok,CP001312,ADE86046.1
Q46337,ok,U23955,AAC43461.1
O60658,ok,CH471101,EAX01967.1
O87388,ok,AF055582,AAC62218.1
Q5UR20,ok,AY653733,AAV50635.1
O87386,ok,AL591688,CAC41470.1
Q7X745,ok,AL606460,CAD40979.2
Q61SU7,ok,HE600909,CAP26340.3
Q54MH3,ok,AAFI02000082,EAL64503.1
Q8XQC8,ok,AL646053,CAD18457.1
P60593,ok,AL157959,CAM08298.1
Q8G4L4,ok,AE014295,AAN25165.1
Q8FMF7,ok,BA000035,BAC19357.1
P35207,efetch_failed,U19729,AAB82356.1
Q8EAX8,ok,AE014299,AAN56744.1
F4KI56,ok,AL391716,CAC05494.1
Q72H00,ok,AE017221,AAS82037.1
D3DFG8,ok,AP011112,BAI68570.1
P17906,ok,M34995,AAA22714.1
P41774,ok,AY484747,AAT98405.1
Q04452,ok,M94110,AAA22367.1
Q05572,ok,Z21854,CAA79901.1
P94512,ok,Z75208,CAA99609.1
Q9B840,ok,AF321878,AAK00951.1
A0KEQ0,ok,CP000462,ABK36673.1
Q1LU65,ok,CP000238,ABF13834.1
Q06475,ok,X53746,CAA37778.1
A1KLH6,ok,AM408590,CAL72488.1
C3K4R1,ok,AM181176,CAY47512.1
P71513,ok,U72662,AAB58894.1
P97564,ok,AF021348,AAB71605.1
P0A3E2,ok,AE009949,AAL97685.1
Q9Z7E9,ok,AE001363,AAD18895.1
Q9X8I0,ok,AL939116,CAB42753.1
Q9SF23,ok,AC016795,AAF23191.1
O48840,ok,AC003974,AAC04486.1
Q9SE00,ok,AF200825,AAF19821.1
Q12546,ok,U18553,AAA91632.1
A6VP72,ok,CP000746,ABR74769.1
Q98CI7,ok,BA000012,BAB51634.1
P80366,ok,AJ001270,CAA04644.1
O74492,ok,CU329672,CAA20843.1
Q9KET9,ok,BA000004,BAB04479.1
Q9CRB3,ok,DQ225768,ABB46375.1
Q8G228,ok,AE014291,AAN29450.1
B3QBD2,ok,CP001096,ACE99085.1
A1S3J2,ok,CP000507,ABL98948.1
B8GYX9,ok,CP001340,ACL93795.1
Q4L7I0,ok,AP006716,BAE04395.1
Q3V7G2,ok,CR626927,CAH07656.1
Q6L2J1,ok,AE017261,AAT42811.1
Q96YV3,ok,BA000023,BAK54726.1
F4HWL4,ok,AC010155,AAF16759.1
B9LTA6,ok,CP001365,ACM58078.1
Q8SRV7,ok,AL590445,CAD26632.1
Q54KI3,ok,AAFI02000100,EAL63731.1
A0JMU5,ok,BC126010,AAI26011.1
Q54S83,ok,AAFI02000047,EAL66167.1
P38274,ok,U65920,AAB07454.1
Q20YA7,ok,CP000301,ABD89879.1
Q47SX2,ok,CP000088,AAZ54445.1
A7HR11,ok,CP000774,ABS62344.1
Q09644,efetch_failed,Z47357,CAA87427.3
A5EEC6,ok,CP000494,ABQ34520.1
Q3SPE5,ok,CP000115,ABA05846.1
P80734,ok,AF047528,AAD17486.1
Q54TU5,ok,AAFI02000041,EAL66728.1
Q9FK60,ok,AB012246,BAB09468.1
P03111,no_embl_cds_xref,,
Q01137,ok,L12159,AAC14467.1
P30666,ok,AF063864,AAC32263.1
O94395,ok,CU329672,CAA22471.1
Q94EG3,ok,AF411917,AAK95664.1
Q9U7E0,ok,FO080106,CCD61253.1
P06720,ok,X04894,CAA28581.1
P43469,ok,L32093,AAA25566.1
D7CFN7,ok,CP002047,ADI04773.1
Q55681,ok,BA000022,BAA10207.1
P27756,ok,M77351,AAA26933.1
Q8A6L0,ok,AE015928,AAO76978.1
P62577,ok,V00623,CAA23900.1
P26825,ok,M55620,AAA23215.1
P22782,ok,M35190,AAA23018.1
P00485,ok,V01277,CAA24586.1
Q98199,ok,U60315,AAC55159.1
Q29RH2,ok,BC114174,AAI14175.1
Q56XM9,ok,AC020580,AAG51325.1
Q2F8F7,ok,DQ184476,ABA00535.1
P00487,efetch_failed,K00544,AAA22289.1
Q8NEK8,ok,CH471104,EAW98586.1
Q9J5C7,ok,AJ223385,CAA11288.1
Q5UQV6,ok,AY653733,AAV50637.1
Q9Y806,ok,CU329671,CAB46757.1
P23373,ok,M36339,AAB59830.1
P49062,ok,Y16230,CAA76127.1
A1D415,ok,DS027688,EAW23158.1
P26216,ok,X65844,CAA46679.1
Q91FH7,efetch_failed,AF303741,AAK82208.1
A2QBB4,ok,DQ374426,ABD61566.1
W8P8Q3,ok,KC920919,AHL24657.2
Q20144,ok,FO080973,CCD68214.1
Q9VF81,ok,AE014297,AAF55179.1
Q7K4B6,ok,AE013599,AAF46676.2
Q8UIE8,ok,AE007869,AAK86166.2
Q8N394,ok,CH471054,EAW97384.1
Q9VQE9,ok,AE014134,AAS64621.2
Q7VRN5,ok,BX248583,CAD83251.1
Q8RXE9,ok,AC005395,AAC42246.1
Q8CJX0,ok,AL939116,CAD55313.1
Q1GCR3,ok,CP000377,ABF65553.1
Q1LSL8,ok,CP000238,ABF13789.1
B9M0D1,ok,CP001390,ACM18968.1
Q98NJ1,ok,BA000012,BAB47770.1
P58741,ok,AE007869,AAK86807.1
P16699,ok,M31797,AAA22586.1
Q7Y223,ok,AC006234,AAD20927.1
Q7VZ05,efetch_failed,BX640414,CAE41440.1
Q6Z310,ok,AP004817,BAD17132.1
A2QKT4,ok,AM270105,CAK96471.1
Q834X4,ok,AE016830,AAO81294.1
Q0C8J3,ok,CH476609,EAU29440.1
A2RHX9,ok,AM406671,CAL96871.1
Q3K2F6,ok,CP000114,ABA46271.1
Q03224,ok,Z49782,CAA89876.1
E1V8I1,ok,FN869568,CBV43637.1
Q05755,ok,AF192408,AAA22179.1
B2TNB5,ok,CP001056,ACD23440.1
P39812,ok,AL009126,CAB13728.2
Q58746,ok,DQ018115,AAY33887.1
P29952,ok,M85238,AAA34872.1
Q870Y1,ok,BX294028,CAD71127.1
O29309,ok,AE000782,AAB90287.1
P29951,ok,M85239,AAA33319.1
Q9KZV6,ok,AL939119,CAB88478.1
A9M159,ok,CP000381,ABX72528.1
A5G1J3,ok,CP000697,ABQ31725.1
Q8J093,efetch_failed,AF454544,AAN52529.1
Q87A63,ok,AE009442,AAO29797.1
P9WHV9,ok,AL123456,CCP45789.1
O57932,ok,BA000001,BAA29262.1
A0P8X0,ok,AB248273,BAF37284.1
O43014,efetch_failed,CU329671,CAA17896.1
P49067,ok,AE009950,AAL80396.1
P09961,ok,X07896,CAA30735.1
Q46829,ok,U28375,AAA83082.1
Q46130,ok,L49336,AAC05714.1
P24240,ok,U29579,AAA69226.1
P11988,ok,M16487,AAA23511.1
P42403,ok,D30762,BAA06429.1
Q76NV1,ok,AAFI02000020,EAL68705.1
P14680,ok,X16056,CAA34192.1
Q59006,efetch_failed,L77117,AAB99631.1
Q8BI55,ok,AK077117,BAC36621.1
Q9Y463,ok,AC005393,AAC28914.1
Q9V3D5,ok,AE014134,AAF53380.1
B1B557,ok,AB360590,BAG12563.1
O61309,ok,AF012531,AAC17487.1
Q26240,ok,U59389,AAB03810.1
Q54QC1,ok,AAFI02000058,EAL65463.1
P29473,ok,M99057,AAA30667.1
P74257,ok,BA000022,BAA18351.1
P43799,ok,L42023,AAC22345.1
P32191,ok,Z38059,CAA86123.1
P52956,ok,D38311,BAA07428.1
Q5B2C1,ok,AACD01000093,EAA62469.1
G4MZV6,ok,CM001233,EHA51400.1
Q27571,ok,AF215700,AAF25682.1
D4GYI2,ok,CP001956,ADE05130.1
A0A2J8C362,ok,PHNV01000284,PNH49577.1
C5B8V8,ok,CP001600,ACR70161.1
B7VGZ3,ok,FM954972,CAV19193.1
Q5AX00,ok,AACD01000122,EAA61432.1
A1S4X0,ok,CP000507,ABL99426.1
A1KSF3,ok,AM421808,CAM09783.1
O65571,ok,AF121877,AAD30445.1
A4TP65,ok,CP000668,ABP41077.1
P47718,ok,L13289,AAA25433.1
A0KJH4,ok,CP000462,ABK36838.1
Q9SU86,ok,AF121877,AAD30444.1
Q9XEX4,ok,AF121877,AAD30441.1
Q5QVW0,ok,AE017340,AAV83134.1
A5IIH5,ok,CP000675,ABQ57175.1
C4R360,ok,FN392321,CAY71194.1
P36599,ok,S64907,AAB20315.1
B2UVC1,ok,CP001072,ACD48803.1
O25683,ok,AE000511,AAD08096.1
P32782,ok,L12045,AAA34355.2
B0B8S5,ok,U72715,AAB17564.1
Q6BX78,ok,CR382134,CAG85186.2
A8NFF0,ok,DS237063,EDP39397.1
Q96WV1,ok,CU329672,CAC39323.1
Q8YLG0,ok,BA000019,BAB77037.1
P22434,efetch_failed,M17781,AAA34896.1
Q2GS86,ok,CH408034,EAQ85154.1
Q0TZT0,ok,CH445359,EAT77630.2
A1A9R2,ok,CP000468,ABJ00402.1
A4VQH9,ok,CP000304,ABP81230.1
B9JLT5,ok,CP000629,ACM28649.1
C5CN84,ok,CP001635,ACS21447.1
Q89Q06,ok,BA000040,BAC48589.1
O34481,ok,AL009126,CAB14689.1
Q89AB2,ok,AE016826,AAO27117.1
P57530,ok,BA000003,BAB13153.1
P45158,ok,L42023,AAC22967.1
Q0VGT4,ok,BC085187,AAH85187.1
Q62789,ok,U27518,AAA86833.1
Q63ZR6,ok,BC082844,AAH82844.1
Q63886,ok,S64760,AAB26033.2
P0DTE4,ok,AJ006054,CAB41974.1
Q841V6,ok,AY259087,AAO84266.1
P82594,ok,AB023626,BAA90772.1
A1CQC3,ok,DS027059,EAW07844.1
P94552,ok,Z75208,CAA99576.1
Q20086,ok,Z36752,CAA85328.2
P95200,ok,AL123456,CCP43122.1
Q9SKT7,ok,AC006234,AAD20915.1
Q59219,ok,U15179,AAA50393.1
P32340,ok,X61590,CAA43787.1
Q2FZV7,ok,CP000253,ABD30003.1
P46992,ok,Z49446,CAA89466.1
F2Z699,ok,AJ006852,CAA07265.1
Q09850,ok,CU329670,CAA91245.1
Q47N06,ok,CP000088,AAZ56163.1
B8GVX4,ok,CP001340,ACL97277.1
D4B0V1,ok,ABSU01000025,EFE30886.1
Q7AKI6,ok,AL939122,CAC05876.1
B4UA87,ok,CP001131,ACG71567.1
Q9UT45,efetch_failed,CU329670,CAB57443.1
Q0RH96,ok,CT573213,CAJ63135.1
B1MJX0,ok,CU458896,CAM64477.1
Q8D2N9,ok,BA000021,BAC24461.1
Q492P7,ok,CP000016,AAZ41048.1
P46322,ok,D50064,BAA46041.1
Q1RKM3,ok,CP000087,ABE04091.1
A5N6W8,ok,CP000673,EDK33049.1
O66076,ok,U95744,AAC08322.1
O66440,ok,AE000657,AAC06389.1
Q2FQV3,ok,CP000254,ABD40729.1
Q4L4R1,ok,AP006716,BAE05364.1
A9BIU9,ok,CP000879,ABX32437.1
A4IPP2,ok,CP000557,ABO67296.1
A6LG60,ok,CP000140,ABR44674.1
A6Q8K5,ok,AP009179,BAF71814.1
Q8Y6E5,ok,AL591981,CAC99820.1
A0RZ37,ok,DP000238,ABK78604.1
Q65FN2,ok,CP000002,AAU24768.1
Q9K5W7,ok,BA000004,BAB07689.1
P40746,ok,Z93935,CAB07928.1
A8FGT0,ok,CP000813,ABV63447.1
C0ZGL2,ok,AP008955,BAH44921.1
Q9C664,ok,AC079829,AAG50674.1
A0B5R0,ok,CP000477,ABK14034.1
A0ALG5,ok,AM263198,CAK21847.1
Q9C9B9,ok,AC016662,AAG52525.1
A0RHX9,efetch_failed,CP000485,ABK86822.1
Q86C56,ok,FO080846,CCD67189.1
A0A509APX1,ok,DQ904399,ABJ90483.1
B1Q257,ok,BX284606,CAA92186.2
Q9XU42,ok,BX284604,CAB06040.4
Q8LCU7,ok,AL157735,CAB75790.1
O45903,ok,Z82081,CAB04958.1
Q8WZM3,ok,U94997,AAL55472.1
Q10488,ok,CU329670,CAA97361.1
Q54YT4,ok,AAFI02000023,EAL68220.1
B0KR89,ok,CP000926,ABZ01294.1
Q48HN1,ok,CP000058,AAZ37560.1
Q6DNF3,efetch_failed,FO080949,CCD68037.1
Q9WXP6,ok,AE000512,AAD35133.1
A5W348,ok,CP000712,ABQ78558.1
Q5BA93,ok,BN001307,CBF87052.1
A7HKP2,ok,CP000771,ABS60475.1
P0C1A7,ok,X81136,CAA57041.1
B8NJZ7,ok,EQ963479,EED50224.1
E3E7F9,ok,CP002213,ADO59170.1
Q6PCB6,ok,BC059401,AAH59401.2
Q20390,ok,FO081381,CCD71207.2
Q21221,ok,BX284601,CAB00039.2
Q54CM0,ok,AAFI02000197,EAL60980.1
Q5BA88,efetch_failed,AACD01000043,EAA64647.1
Q9W3C7,ok,AE014298,AAF46403.2
A3NML2,ok,CP000571,ABN88041.1
Q764S0,ok,AB116258,BAD08311.1
Q4F8H9,ok,DQ100350,AAZ08071.1
A4XAK7,ok,CP000667,ABP55956.1
P13734,ok,M22725,AAA25696.1
B9L2J0,ok,CP001275,ACM06249.1
A8W969,ok,EU200967,ABW77762.1
D7GXG5,ok,FQ073843,CBM41187.1
Q0VTB6,ok,AM286690,CAL15604.1
Q9RGX8,ok,AF098955,AAF21821.1
D7GXG4,ok,FQ073842,CBM41186.1
A1U776,ok,CP000514,ABM20845.1
Q8D385,ok,BA000021,BAC24262.1
Q11B53,ok,CP000390,ABG65372.1
P0DN29,ok,ABSU01000026,EFE30837.1
P42042,ok,Z46901,CAA86997.1
P14804,ok,X67291,CAA47707.1
D8Q9M3,ok,GL377308,EFI95688.1
Q12628,ok,Z46869,CAA86949.1
Q1GL85,efetch_failed,CP000376,ABF62581.1
I1BYW6,ok,CH476735,EIE81396.1
O93983,ok,AJ222862,CAA11018.1
P23776,ok,M34341,AAA34599.1
Q8NKF9,ok,AF393806,AAM21469.1
P81380,no_embl_cds_xref,,
Q8FNR0,ok,BA000035,BAC18894.1
Q8FNR2,ok,BA000035,BAC18892.1
P07142,ok,CM002236,EAA34520.1
O31214,ok,AF034104,AAB86973.1
Q0CR35,ok,CH476598,EAU35651.1
Q7NBQ3,ok,AE015450,AAP56560.1
Q8KBH7,ok,AE006470,AAM73031.1
A5CFG7,ok,AM494475,CAM81138.1
A5UID8,ok,CP000672,ABR00544.1
Q6AE72,ok,AE016822,AAT89324.1
O07293,ok,U85514,AAB58555.1
P04190,ok,M11189,AAA22276.1
P54427,ok,AB006424,BAA33106.1
P0A3M3,ok,M55547,AAA98406.2
O08498,ok,X96858,CAA65601.1
P0DXC0,no_embl_cds_xref,,
Q89Y83,ok,BA000040,BAC45337.1
Q9WY43,ok,AE000512,AAD35292.1
Q890L8,ok,AE015927,AAO37079.1
Q9KGG0,ok,BA000004,BAB03824.1
P47636,ok,L43967,AAC71624.1
Q92EU5,ok,AL596164,CAC95596.1
P53527,ok,U43738,AAC43662.1
P9WKD7,ok,AL123456,CCP45258.1
P37351,ok,X82203,CAA57688.1
A7Z4B0,ok,CP000560,ABS73836.1
B1YIW6,ok,CP001022,ACB61442.1
B9EB26,ok,AP009484,BAH17437.1
Q6PBD1,ok,CR760355,CAJ82619.1
A4ILW9,ok,CP000557,ABO66323.1
A7GRX4,ok,CP000764,ABS22882.1
P75531,ok,U51988,AAC45451.1
O22229,ok,AC002510,AAB84351.2
Q0UFP3,ok,CH445338,EAT83613.2
Q19892,ok,Z72508,CAA96637.2
Q752Z9,ok,AE016819,AAS53796.1
F6HS55,efetch_failed,FN596241,CCB57514.1
Q4WTN9,ok,AAHF01000003,EAL92037.1
Q9VMV6,efetch_failed,AE014134,AAF52202.1
Q54LQ6,ok,AAFI02000086,EAL64198.1
Q9P7T7,ok,CU329670,CAB71841.1
Q9M8R4,ok,AC018363,AAF26988.1
P21163,ok,J05411,AAA24932.1
A8E7C5,efetch_failed,BX005252,CAP09243.1
A0A150XSC5,ok,LQZQ01000002,KYG81647.1
P79891,ok,S83098,AAB46849.1
A6UCB5,ok,CP000738,ABR61295.1
Q13029,ok,U17838,AAC50820.2
Q74MB1,ok,AE017199,AAR39189.1
A8MI61,ok,CP000853,ABW19493.1
P46960,ok,X92183,CAA63094.1
O32462,ok,D88253,BAA22063.1
B5YBQ0,ok,CP001146,ACI19381.1
O06769,ok,AL123456,CCP43412.1
Q64627,ok,D50606,BAA09169.1
A9BFZ7,ok,CP000879,ABX31493.1
P9WKB3,ok,AL123456,CCP45278.1
A1A1J2,ok,AP009256,BAF39575.1
Q0JIL1,ok,AP008207,BAF06417.1
P0DKC3,ok,AP002029,BAA97552.1
P00383,ok,K02118,AAA26083.1
Q4KXC9,ok,AY220982,AAO37718.1
Q9LHN4,ok,AP002039,BAB03094.1
Q9SJ20,ok,AC007019,AAD20398.1
O28786,ok,AE000782,AAB89769.1
O29630,ok,AE000782,AAB90614.1
P13187,ok,J03885,AAA25120.1
Q97BG1,ok,BA000011,BAB59637.1
O32147,ok,AL009126,CAB15241.1
O60126,ok,CU329671,CAA19038.1
A8E534,ok,BC153446,AAI53447.1
P54456,ok,D84432,BAA12448.1
B3PII1,ok,CP000934,ACE82740.1
Q49744,ok,U00016,AAA17148.1
B4SAK8,ok,CP001110,ACF42377.1
F4KIN4,ok,CP002688,AED93907.1
Q5B467,ok,BN001303,CBF77046.1
Q93V61,ok,AC009895,AAF01599.1
P43336,ok,M88627,AAA25938.1
Q74HL7,ok,AE017198,AAS09673.1
Q9LNU1,ok,AC022472,AAF79897.1
P50386,ok,Z50014,CAA90310.1
P23256,ok,U00096,AAC74694.1
P35172,ok,Z26494,CAA81270.1
P29347,ok,D11101,BAA01876.1
Q5E1G4,ok,CP000021,AAW87132.1
P42175,ok,Z49884,CAA90045.1
Q9UW18,ok,AF169478,AAD47837.1
O54028,ok,AJ002015,CAA05137.1
A0A5D0EMF2,ok,VSEG01000009,TYA35095.1
P56162,ok,AE000511,AAD08303.1
Q9I1K1,ok,AE004091,AAG05660.1
P29785,ok,Y08763,CAA70009.1
A0A120HUS7,ok,KU216159,AMB19070.1
C8NA81,ok,ACKY01000070,EEV88470.1
Q49611,ok,X98917,CAA67417.1
P56100,ok,U00096,ABD18645.1
O25046,ok,AE000511,AAD07333.1
Q39BA7,ok,CP000152,ABB10254.1
Q47910,ok,L42816,AAC41526.1
Q2JX67,ok,CP000239,ABC98625.1
Q9XTQ5,ok,BX284606,CAB17072.1
Q87NA8,efetch_failed,AY216909,AAO61789.1
P54495,ok,D84432,BAA12521.1
A1TC40,ok,CP000511,ABM14740.1
Q4WPF8,ok,AAHF01000005,EAL89876.1
P0DJJ9,ok,D13384,BAA02652.1
A5CV36,ok,AM711867,CAN02975.1
Q2VST0,ok,AY839230,AAX40948.1
Q0WUY1,ok,AC000104,AAB70448.1
O00939,ok,U95964,AAC47515.1
Q8TX49,ok,AE009439,AAM02040.1
Q72TF8,efetch_failed,AE016823,AAS69670.1
P80522,ok,CP000099,AAZ69967.1
Q92400,ok,Z50094,CAA90422.1
P15916,ok,M17418,AAA66422.1
Q9TYU5,ok,FO081233,CCD70078.1
P40152,ok,X78898,CAA55490.1
A0A0H3GEM5,ok,CP002002,AEO07362.1
P57884,ok,AE004439,AAK02950.1
Q680A6,ok,AB017070,BAB10593.1
Q8K9Q6,ok,AE013218,AAM67813.1
Q0BST5,ok,CP000394,ABI62117.1
F1ND48,efetch_failed,EF066526,ABM05617.1
Q9VIT2,ok,AE014134,AAF53833.1
B8LV47,ok,AJ505939,CAD44531.1
Q5JHT1,ok,AP006878,BAD86435.1
P50216,ok,X71489,CAA50590.1
C5PCN6,ok,ACFW01000043,EER24847.1
A1WR02,ok,CP000542,ABM60059.1
Q4U2R1,ok,AF061529,AAC31431.1
D4GTL2,ok,AJ250923,CAC48389.1
Q04299,ok,Z49259,CAA89234.1
Q7SFB0,ok,CM002236,EAA35527.1
Q0UTI9,ok,CH445331,EAT87316.1
Q9JYJ3,ok,AE002098,AAF41913.1
P21953,ok,D90391,BAA14389.1
Q9SPL2,ok,AB019236,BAA97304.1
Q626I0,ok,HE600951,CAP22279.1
Q9UTC5,ok,CU329670,CAB61463.1
Q75ZQ4,ok,AB119092,BAC84959.1
Q9YDC5,ok,BA000002,BAA79972.1
B9E8Z6,ok,AP009484,BAH18664.1
F4I594,ok,AC007764,AAF24575.1
P20051,ok,X07561,CAA30444.1
Q7V6D4,ok,BX548175,CAE21406.1
A9HJ12,ok,AM889285,CAP55840.1
O27113,ok,AE000666,AAB85530.1
P21182,efetch_failed,M38434,AAA34421.1
P0AEJ6,ok,U00096,AAC75494.2
Q8TVD2,ok,AE009439,AAM02673.1
Q7VGA7,ok,AE017125,AAP78012.1
Q93LJ4,ok,AY039113,AAK91555.1
Q8SHP7,ok,AF447590,AAL74164.1
Q06J47,ok,DQ851108,ABG91412.1
G0SHF3,ok,GL988047,EGS17642.1
Q32L27,ok,BC109798,AAI09799.1
Q03SC5,ok,CP000416,ABJ63897.1
Q8A7J9,ok,AE015928,AAO76632.1
O49432,ok,AY268941,AAQ83299.1
P33486,ok,M60167,AAA32264.1
A4YRD9,ok,CU234118,CAL76465.1
Q09669,ok,CU329670,CAA89956.1
P14183,ok,M27280,AAA24973.1
P70699,ok,U49351,AAB06943.1
Q836Z5,ok,AE016830,AAO80756.1
Q95032,ok,X79205,CAA55794.1
Q92080,ok,X83676,CAA58649.1
Q03262,ok,Z49704,CAA89776.1
Q7UFZ7,ok,BX294147,CAD78532.1
O26949,ok,AE000666,AAB85359.1
Q6Z9C3,ok,AP004704,BAD09931.1
Q8IY17,ok,CH471139,EAW69029.1
P29378,ok,X64360,CAA45712.1
Q8EWQ8,ok,BA000026,BAC43936.1
Q700S9,ok,AJ629057,CAF32457.1
Q8R9C7,efetch_failed,AE008691,AAM24889.1
P56995,ok,AE002098,AAF41421.1
Q9S827,ok,AB017429,BAA82750.1
Q492N1,ok,CP000016,AAZ41066.1
B1ZW12,ok,CP001032,ACB76026.1
P53010,ok,U39204,AAC49152.1
P12670,ok,AF093743,AAC64171.1
Q14689,efetch_failed,AF490768,AAM18046.1
Q9K801,ok,BA000004,BAB06925.1
Q7N439,ok,BX571867,CAE14889.1
Q05509,ok,X70499,CAA49910.1
P44121,ok,U17295,AAA95982.1
Q52985,ok,M96263,AAA26351.1
Q12923,ok,U12128,AAB60339.1
P41477,ok,L22858,AAA66720.1
Q98PE3,ok,AL445565,CAC13953.1
Q979R4,ok,BA000011,BAB60238.1
A5VJK7,ok,CP000705,ABQ83031.1
P15214,ok,U38482,AAC44362.1
Q20EX8,ok,DQ291132,ABB81935.1
P07736,no_embl_cds_xref,,
Q197A8,ok,DQ643392,ABF82082.1
P80574,ok,AL939111,CAB51963.1
C0HM52,no_embl_cds_xref,,
Q9ZPY1,ok,AC006418,AAD20168.2
A0A8V1ABE9,ok,AB284370,BAF95910.1
Q56UD0,ok,AL606646,CAE03580.1
A0A509AKI1,ok,LK023126,VUC56492.1
P52101,ok,U36841,AAA79818.1
Q57764,ok,L77117,AAB98302.1
Q7SIC2,no_embl_cds_xref,,
Q927E4,ok,AL596173,CAC98071.1
O74323,ok,CU329671,CAA20051.1
Q7TTT8,ok,BX569693,CAE08230.1
P09543,ok,S46849,AAB23928.2
Q8KRU5,ok,AF523823,AAM77916.1
Q9NKW1,efetch_failed,AAFI02000177,EAL61607.1
P57291,ok,BA000003,BAB12912.1
P98198,ok,CH471121,EAW53205.1
Q8L7W8,ok,AL035521,CAB36703.1
Q9E6M6,ok,AF243438,AAG14243.1
Q9ZV04,ok,AC005770,AAC79614.1
Q2U4L7,ok,BA000054,BAE63498.1
P07098,ok,AY631869,AAT38115.1
Q58HT5,ok,AY947638,AAX48018.1
Q97E14,ok,AE001437,AAK81238.1
Q07251,efetch_failed,Z22737,CAA80432.1
A0A7J6K7Y0,ok,JAAUHK010000193,KAF4642601.1
F4JZC2,ok,AB010692,BAB09989.1
Q82TC0,ok,AL954747,CAD85891.1
B2IKU6,ok,CP001016,ACB96486.1
Q07838,ok,X57175,CAA40462.1
B3PFQ2,ok,CP000934,ACE83676.1
P14882,ok,M22631,AAA88512.1
P07343,ok,X01701,CAA25849.1
P41793,ok,U18560,AAA80209.1
A6UW32,ok,CP000743,ABR56704.1
Q56815,ok,U29134,AAA96742.1
A0PXX5,ok,CP000382,ABK61467.1
P9WIC5,ok,AL123456,CCP45753.1
A6Q9V0,ok,AP009179,BAF72259.1
P87175,ok,CU329671,CAB09119.1
P73548,ok,BA000022,BAA17588.1
Q8IV63,ok,AB031052,BAA90769.1
B3Q9Q2,ok,CP001096,ACF01955.1
Q2SK05,ok,CP000155,ABC29019.1
A6ZVB1,ok,AAFW02000124,EDN61336.1
A5F3I4,ok,CP000627,ABQ21838.1
Q2FWP1,ok,CP000253,ABD31209.1
E1BTE1,no_embl_cds_xref,,
P75728,ok,U00096,AAC73763.1
O74831,ok,CU329672,CAA21083.1
P86397,no_embl_cds_xref,,
Q5JDU3,ok,AP006878,BAD85944.1
A3MYF1,ok,CP000569,ABN73187.1
P80869,ok,AB000617,BAA22244.1
O15305,ok,AF157796,AAD45895.1
P0DOY1,no_embl_cds_xref,,
P38888,efetch_failed,U00030,AAB68370.1
Q3J6L0,ok,CP000143,ABA77574.1
Q605G8,ok,AE017282,AAU91631.1
Q9YGY4,ok,Z97214,CAB10167.1
P44157,ok,L42023,AAC22953.1
Q3ZPT5,ok,AY703825,AAW22859.1
G4V4T5,ok,HE589771,CCD33160.1
O27637,ok,AE000666,AAB86073.1
D4B2L8,ok,ABSU01000029,EFE30464.1
P11347,ok,AY603957,AAA23266.2
A1SWQ8,ok,CP000510,ABM03923.1
E0D877,ok,AB576780,BAJ14796.1
X1WBB5,no_embl_cds_xref,,
Q05931,ok,U19103,AAB67565.1
F1QG30,ok,AB361066,BAG12869.1
P27032,ok,M74044,AAA24818.1
O68006,efetch_failed,AF007865,AAC06346.1
P60355,ok,D87070,BAA13239.1
Q3IHZ1,ok,CR954246,CAI87387.1
P22350,ok,X02587,CAA26425.1
O55748,ok,AF303741,AAB94459.1
Q38167,ok,AY543070,AAS77048.1
Q9HU15,ok,AE004091,AAG08559.1
O29665,ok,AE000782,AAB90650.1
Q05197,ok,L07247,AAA26152.1
Q0S8V5,ok,CP000431,ABG96031.1
P14791,ok,X56201,CAA39661.1
P48456,ok,AE014297,AAF57105.3
A8EXW3,ok,CP000409,ABV73196.1
Q8DLA9,ok,BA000039,BAC08139.1
B9LUV3,ok,CP001365,ACM56430.1
P24498,no_embl_cds_xref,,
Q9RFD5,ok,AF195122,AAF24273.1
Q336V5,ok,AC025783,AAK20061.1
O69140,ok,AF064095,AAC17429.1
Q9KDV2,ok,BA000004,BAB04828.1
B2V8I4,ok,CP001080,ACD66257.1
P07129,ok,X05793,CAA29235.1
P11562,ok,X07794,CAA30638.1
P20314,ok,X17255,CAA35132.1
Q6ZLC4,ok,AP003800,BAC83033.1
Q187N7,ok,AM180355,CAJ68801.1
B2UMV0,ok,CP001071,ACD04156.1
P23101,ok,M64747,AAA26049.1
P19254,ok,X52880,CAA37062.1
Q2RKL6,ok,CP000232,ABC19023.1
P11987,ok,M90050,AAF04157.2
Q8INK6,ok,AE014297,AAF54643.1
Q59584,ok,X73123,CAA51555.1
Q8TCG2,ok,AY065990,AAL47580.1
O31822,ok,AL009126,CAB13701.1
Q4I4A4,ok,DS231666,ESU14292.1
P29523,ok,AB055428,BAB62745.3
P75400,ok,U00089,AAB96103.1
Q9HKT2,ok,AL445064,CAC11653.1
Q9YW20,ok,AF063866,AAC97628.1
P0DSV5,ok,X69198,CAA49101.1
P44704,ok,L42023,AAC22084.1
Q00390,ok,X61201,CAA43496.1
P00642,ok,J01675,AAA26371.1
Q9JL16,ok,AF217484,AAF59917.1
Q8K4H1,ok,AF399717,AAM62284.1
Q99MX1,ok,AF285570,AAK31949.1
P33363,ok,U15049,AAB38487.1
P60495,ok,D38161,BAA07361.1
B2GCY7,ok,AP008937,BAG27519.1
Q944I4,ok,AC018848,AAG52441.1
P40406,ok,L19954,AAA64351.1
Q9LZ72,ok,AL162875,CAB85559.1
A9KLF9,ok,CP000885,ABX41288.1
P11936,ok,AB048832,BAB62268.1
Q83424,ok,M29671,AAB02430.1
P44317,ok,L42023,AAC22248.1
O05510,ok,D88802,BAA19710.1
I1C083,ok,CH476735,EIE81863.1
Q46871,ok,U28379,AAA89149.1
A0QUX7,ok,CP000480,ABK72789.1
Q8NHS2,ok,BC029504,AAH29504.1
Q58531,ok,L77117,AAB99133.1
P41755,ok,U02505,AAA17563.1
P82678,ok,DS496140,EDP00347.1
O28608,ok,AE000782,AAB89583.1
Q9LSS3,ok,AB026632,BAA97504.1
P26380,ok,X56098,CAA39578.1
A4X621,ok,CP000667,ABP54321.1
Q9YBR1,ok,BA000002,BAA80537.2
O59802,ok,CU329672,CAA19108.1
B1HZ05,ok,CP000817,ACA38405.1
P0C7B6,ok,AAFI02000135,EEU04062.1
Q6AZW2,efetch_failed,CR318632,CAM13142.1
Q3Z3B7,ok,CP000038,AAZ87745.1
P40137,ok,AJ223796,CAA11549.1
Q5FUG3,efetch_failed,CP000009,AAW59983.1
Q8K3F7,ok,AF134346,AAF61395.2
Q8PU58,ok,AF228525,AAF65731.1
Q57612,ok,L77117,AAB98132.1
A0A8B0RBM2,ok,MW699017,QTW92354.1
A6RBX7,ok,CH476662,EDN10674.1
B0T0B1,ok,CP000927,ABZ70557.1
Q8MLZ3,ok,AF481921,AAM34039.1
Q60037,ok,Z46264,CAA86406.1
A0LRC9,ok,CP000481,ABK51989.1
A1UR21,ok,CP000524,ABM44575.1
P9WQ27,ok,AL123456,CCP45839.1
O72908,ok,AJ005163,CAA06402.1
P32176,ok,L19201,AAB03027.2
B2J384,ok,CP001037,ACC83534.1
Q9LU63,efetch_failed,AB023044,BAA97373.1
A0A2U7XUH7,ok,MG324004,AVR53896.1
O41933,ok,U97553,AAB66429.1
Q01570,ok,X65961,CAA46776.1
D9TT10,ok,CP002171,ADL69408.1
Q1LTJ8,ok,CP000238,ABF13935.1
D3YWQ0,no_embl_cds_xref,,
A9NF91,ok,CP000896,ABX81021.1
Q8DEI1,ok,AE016795,AAO09123.1
Q2M3T9,ok,AC006029,AAD43186.1
A3LWH3,ok,CP000499,ABN67277.2
Q9KPM2,ok,AE003852,AAF95488.1
Q7M7Q6,ok,BX571662,CAE11142.1
Q43822,ok,X79722,CAA56159.1
P14573,ok,X13975,CAA32153.1
Q09451,ok,Z48178,CAA88205.1
Q57851,ok,L77117,AAB98398.1
Q50LF1,efetch_failed,AB186138,BAD97817.1
Q8S3J3,ok,AF486839,AAL92115.1
P57312,ok,BA000003,BAB12933.1
Q83GS7,ok,AE014184,AAO44266.1
B1AJP1,ok,CP000942,ACA33186.1
P36052,ok,Z26877,CAA81492.1
Q92451,ok,Z69255,CAA93246.1
A7HJD6,ok,CP000771,ABS60019.1
P26841,ok,AF036933,AAD02068.1
P09223,ok,U64798,AAB06332.1
G5EFL0,ok,Z79759,CAB02138.3
O13898,ok,CU329670,CAB16577.1
P39130,ok,L19165,AAA22577.1
Q09692,ok,CU329670,CAA90500.1
B3PF24,ok,CP000934,ACE84673.1
P94571,ok,Z82987,CAB05382.1
A5EVS5,ok,CP000513,ABQ13475.1
P29954,ok,M96584,AAA26356.1
Q6AX23,efetch_failed,BC079798,AAH79798.1
Q4E409,ok,AAHK01000017,EAN99491.1
P53354,ok,AF000569,AAB60935.1
Q05756,ok,AF192408,AAG38999.1
Q63572,ok,D50864,BAA09460.1
Q6YPG5,ok,AP006720,BAD06278.1
Q6LSE4,ok,CR378667,CAG19782.1
P41754,ok,X89452,CAA61622.1
Q9A716,ok,AE005673,AAK23885.1
Q8BMD5,ok,AK009280,BAB26191.1
Q9X108,efetch_failed,AE000512,AAD36356.1
P91119,ok,FO080144,CCD61583.1
B5Y822,ok,CP001145,ACI18005.1
Q984W0,ok,BA000012,BAB54203.1
Q5ZIW1,ok,AJ720673,CAG32332.1
Q3K9A2,ok,CP000094,ABA75652.1
Q5AUX2,ok,AACD01000135,EAA59562.1
Q02438,ok,M96939,AAA21564.1
Q9I4V0,ok,AE004091,AAG04413.1
Q5ZHN9,ok,AJ721095,CAG32754.1
P9WQB7,ok,U18264,AAA79919.1
A1WZI8,ok,CP000544,ABM63100.1
Q8GWB7,ok,CP002688,AED92569.1
Q08188,ok,EF102483,ABK41960.1
Q821T4,ok,AE015925,AAP05592.1
Q8L870,ok,AB017060,BAB10798.1
P71079,ok,D85082,BAA24484.1
Q1QDL4,ok,CP000323,ABE74239.1
Q9C8G4,ok,AC025295,AAG51103.1
Q8TCG5,ok,AF331918,AAQ14875.1
A6SZ52,ok,CP000269,ABR89239.1
P48840,ok,D21202,BAA04744.1
G8JZS4,ok,U66897,AAC44671.1
D4B2W4,ok,ABSU01000031,EFE30260.1
O31688,ok,AL009126,CAB13258.1
P29677,ok,X66284,CAA46990.1
Q7UF32,ok,BX294151,CAD78851.1
O86013,efetch_failed,AF079317,AAD04029.1
P00807,ok,X04121,CAA27733.1
Q1LSJ4,ok,CP000238,ABF14024.1
A9HEV3,ok,AM889285,CAP55284.1
D4GZM5,ok,CP001956,ADE04317.1
B9A1H3,ok,AB379907,BAH20464.1
A5FQJ4,ok,CP000688,ABQ17529.1
